,ac_type
Douglas DC-3,333
de Havilland Canada DHC-6 Twin Otter 300,81
Douglas C-47A,70
Douglas C-47,64
Douglas DC-4,41
Yakovlev YAK-40,35
Antonov AN-26,35
Junkers JU-52/3m,30
Douglas C-47B,27
Douglas DC-6B,27
De Havilland DH-4,27
Breguet 14,22
Douglas DC-6,20
Antonov AN-24,19
Curtiss C-46,19
Curtiss C-46A,19
Antonov AN-12,18
Douglas C-47-DL,18
McDonnell Douglas DC-9-32,18
Fokker F-27 Friendship 600,17
Junkers F-13,17
Embraer 110P1 Bandeirante,16
Fokker F-27 Friendship 200,16
Tupolev TU-134A,16
Douglas DC-3C,16
Lockheed C-130H,15
Lockheed C-130H Hercules,15
Ilyushin IL-18B,15
Lockheed 18 Lodestar,15
de Havilland Canada DHC-6 Twin Otter 100,15
CASA 212 Aviocar 200,13
Boeing 40,13
Ilyushin IL-12,13
Ilyushin IL-14P,13
Antonov AN-24B,12
Douglas DC-2,12
Douglas DC-3A,12
Ilyushin IL-18,12
de Havilland Canada DHC-6 Twin Otter 200,12
Curtiss C-46D,12
Fokker F-27 Friendship 100,12
Let 410UVP,12
Convair CV-580,12
Douglas DC-6A,11
Curtiss C-46F,11
Mil Mi-8 (helicopter),11
Fokker F-28 Fellowship 1000,11
Ilyushin IL-18D,10
Fokker F-27 Friendship 400M,10
Douglas C-54A,10
Tupolev TU-104B,10
Ilyushin IL-14,10
Junkers JU-52,10
Boeing KC-135A,9
McDonnell Douglas MD-82,9
Antonov AN-32,9
Curtiss C-46F-1-CU,9
Embraer 110C Bandeirante,9
Consolidated PBY-5A Catalina,9
Douglas C-47A-DL,9
Antonov An-26,9
Lisunov Li-2,9
Antonov AN-24V,9
Antonov AN-24RV,9
Martin 202,8
Fokker F-27 Friendship 500,8
Antonov AN-2,8
Lockheed 10 Electra,8
de Havilland Canada DHC-3 Otter,8
Tupolev TU-104A,8
Convair CV-240-0,8
Tupolev TU-154B,8
Fairchild F-27,8
Lisunov LI-2,8
Douglas DC-4-1009,8
Lockheed L-100-30 Hercules,7
Martin 404,7
Vickers Viscount 745D,7
Fokker 100,7
Tupolev TU-124,7
Boeing B-707-321B,7
Douglas DC-2-112,7
Douglas C-54,7
Convair CV-440,7
Lockheed Vega,7
Bell 212,7
Fairchild C-123K,7
Antonov AN-12BP,7
Let 410UVP-E,7
McDonnell Douglas DC-9-31,7
McDonnell Douglas DC-10-30,7
Antonov 12BP,7
Britten-Norman BN-2A Islander,7
Boeing 247,6
Mil Mi-8,6
Britten Norman BN-2A Trislander,6
Antonov AN-28,6
Douglas DC-7C,6
Avro 685 York C-1,6
Boeing 247D,6
Ilyushin IL-18V,6
McDonnell Douglas DC-10-10,6
de Havilland DHC-6 Twin Otter 300,6
Antonov An-12,6
Ilyushin IL-62M,6
Swearingen SA.227AC Metro III,6
Douglas M-4,6
Douglas C-47D,6
Lockheed 14 Super Electra,6
Lockheed 049 Constellation,6
de Havilland Canada DHC-6 Twin Otter,6
Lockheed 749A Constellation,6
Consolidated LB-30A Liberator,6
Lockheed C-130E Hercules,6
McDonnell Douglas DC-9-14,6
Junkers Ju-52/3m,6
Lockheed C-130A Hercules,6
Douglas C-47B-DK,5
Learjet 35A,5
Boeing B-707-321C,5
Convair CV-340,5
Junkers W-34,5
Douglas DC-6BF,5
Douglas C-54D-DC (DC-4),5
Avro 685 York I,5
Lockheed L-188AF Electra,5
Douglas C-54B,5
Convair CV-240,5
Antonov An-24B,5
Bristol 170 Freighter 21,5
Short S-23 (flying boat),5
Lockheed 14 Electra,5
Lockheed C-130B Hercules,5
Lockheed 18 LodeStar,5
Britten-Norman BN-2A-6 Islander,5
Lockheed 18 Loadstar,5
Bell 206B,5
Li-2,5
Antonov 12,5
Boeing B-737-2A8,5
Douglas C-53,5
Douglas C-47 Skytrain (DC-3),5
Shorts SC-7 Skyvan 3-100,5
Antonov AN-12V,5
Douglas DC-3 (C-47-DL),5
Tupolev TU-154M,5
Cessna 208B Grand Caravan,5
Nord 2501 Noratlas,5
Douglas DC-7B,5
Lockheed 1049H Super Constellation,5
Fairchild FC-2,5
Lockheed 188A Electra,5
Boeing B-737-200,5
Latecoere 28,5
Fokker F-VII,5
McDonnell Douglas MD-11,5
Lockheed C-130 Hercules,5
Mil Mi-17 (helicopter),4
Embraer 120RT Brasilia,4
Lockheed L-188A Electra,4
Lockheed Hudson,4
Pitcairn PA-6 Mailwing,4
McDonnell Douglas DC-8-63F,4
Boeing B-747,4
Tupolev Tu-154M,4
Lockheed 10E Electra,4
de Havilland DH-86,4
Swearingen SA.226TC Metro II,4
Antonov An-32,4
Dornier 228-201,4
Lockheed L-1049H Super Constellation,4
Vickers Viscount 785D,4
Lockheed C-130E,4
Lockheed L-100-20 Hercules,4
de Havilland Comet 4C,4
de Havilland DH-114 Heron 1B,4
Antonov An-24RV,4
Mil Mi-8T,4
Ilyushin IL-62,4
Ford 5-AT-B Tri Motor,4
de Havilland DH-114 Heron 2D,4
Grumman G-159 Gulfstream I,4
Boeing B-737-222,4
Fokker F-28 Fellowship 4000,4
Antonov An-12BP,4
Tupolev TU-154,4
Douglas C-54D,4
Douglas DC-3D,4
Dewoitine D-338,4
Lockheed 14-H2 Super Electra,4
McDonnell Douglas DC-8-43,4
Beechcraft 1900C-1,4
Mi-8,4
Cessna 208B Caravan I Super Cargomaster,4
Cessna 208B Caravan I,4
Convair CV-240-2,4
Stinson Model A,4
Grumman G-21 Goose,4
Fokker 50,4
Douglas C-47 Dakota,4
Lockheed 049-46-21 Constellation,4
Mil Mi-17,4
Embraer 110 Bandeirante,4
Curtiss C-46A-45-CU,4
Fairchild C-119G,4
Douglas C-118A,4
de Havilland DHC-2,4
Ford 5-AT-C Tri Motor,4
Sikorsky S-76,4
Lockheed L-188C Electra,4
Tupolev TU-134,4
Douglas DC-7CF,4
McDonnell Douglas DC-8-62,4
Britten-Norman BN-2A-21 Islander,4
Fairchild-Hiller FH-227B,4
Beechcraft 99,4
Latecoere 25,3
Douglas C-47DL,3
CASA 212 Aviocar 100,3
Martin M-130 (flying boat),3
Britten-Norman BN-2A-26 Islander,3
Avro Anson,3
Douglas C-47A-10-DK,3
de Havilland Canada DHC-4A Caribou,3
Douglas DC-3 (C-53D-DO),3
Avia 14,3
Consolidated B-24 Liberator,3
Boeing B-29,3
Lockheed L-100 Hercules,3
Cessna 404 Titan,3
Dornier Merkur,3
Tupolev TU-154B-2,3
Ilyushin II-76TD,3
Beechcraft 1900D,3
Travel Air 4000,3
Douglas C-54B-1-DC,3
Dornier Wal,3
Douglas C-124A Globemaster,3
McDonnell Douglas MD-83,3
Fairchild F-27A,3
Boeing Vertol CH-47 (helicopter),3
Airbus A320-211,3
Fairchild FH-227B,3
Boeing B-747-121,3
Consolidated Liberator,3
Bell 206L,3
Fokker F-27 Friendship 400,3
McDonnell Douglas DC-8-63CF,3
Farman F-60 Goliath,3
Embraer 110P Bandeirante,3
Antonov AN-32B,3
Noorduyn Norseman,3
de Havilland Canada C-7A Caribou,3
Antonov AN-26B,3
Beechcraft 1900C,3
Curtiss C-46E,3
Mi-8 helicopter,3
Ilyushin IL-76MD,3
Ilyushin IL-76TD,3
Antonov AN-12B,3
Antonov AN-10,3
Fokker FG III,3
Savoia-Marchetti SM-75,3
Embraer 120ER Brasilia,3
McDonnell Douglas DC-8-61,3
Avro 685 York 1,3
Grumman G-21A Goose,3
Tupolev 154M,3
Antonov AN-10A,3
Bell 407,3
Boeing B-727-64,3
Antonov 26B,3
Focke-Wulf FW 200,3
Latecoere 631 (flying boat),3
Latecoere 26,3
de Havilland DH-114 Heron,3
Boeing B-727-224,3
Fairchild C-119C,3
Antonov AN-8,3
Fairchild Pilgrim 100A,3
Bristol 170 Freighter 21E,3
Antonov 12BK,3
Savoia-Marchetti SM73,3
Britten-Norman BN-2A-26 Trislander,3
Boeing B-727-231,3
CAMS 53,3
Aeroflot,3
Antonov 32,3
Lockheed Vega 5,3
Bristol 170 Freighter 31,3
Yakovlev YAK-42,3
McDonnell Douglas DC-9-15,3
Canadair C-4 Argonaut,3
Antonov An-12BK,3
Convair CV-240-4,3
de Havilland DH-84 Dragon,3
Travel Air 6000,3
Beechcraft E18S,3
de Havilland DH106 Comet 1,3
Boeing B-707-331B,3
Harbin Yunshuji Y-12-II,3
Boeing 95,3
Cessna 402C,3
de Havilland DH-114 Heron 2B,3
Learjet 25,3
SNCASE Languedoc,3
Curtiss C-46A-50-CU,3
Ilyushin 76MD,3
Dornier 228-212,3
Ilyushin IL-14M,3
Embraer EMB-110 Bandeirante,3
McDonnell Douglas DC-10-30CF,3
Yakovlev 40,3
Fairchild C-123,3
Yakovlev YAK-42D,3
Boeing 707-321C,3
de Havilland Canada DHC-6 Twin Otter 310,3
Boeing 707-123,2
Mi-17,2
Bristol 170 Freighter 31E,2
Boeing B-737-3Q8,2
Douglas C-47A-1-DK,2
Learjet 25B,2
ATR-72-212,2
Boeing RC-135E,2
Bell 412,2
Sud Aviation SE-210 Caravelle III,2
Sud-Aviation Caravelle III,2
Handley Page Hastings C-2,2
Douglas DC-47,2
Swearingen SA-227AC Metro III,2
Douglas C-54B-15-DO,2
Vickers 757 Viscount,2
Avro 685 York,2
Britten-Norman BN-2A-27 Islander,2
Lockheed C-69 Constellation,2
Lockheed 1649A Starliner,2
Boeing 377 Stratocruiser 10-26,2
Dassault Falcon 20,2
McDonnell Douglas DC-8-53,2
Vickers Viking 1B,2
Boeing B-727-22,2
Lockheed MC-130H Hercules,2
Britten Norman BN-2A-21 Trislander,2
Convair CV-880,2
Douglas C-124C,2
Convair CV-440-11,2
Let 410,2
Curtiss C-46D-10-CU,2
Lockheed L-049 Constellation,2
Airbus A300B4-622R,2
Avro 691 Lancastrian 1,2
McDonnell Douglas DC-8-21,2
Douglas C-54A-10-DC,2
Saab 340B,2
Yakovlev 42D,2
Vickers 634 Viking 1B,2
EMB 721C Sertanejo,2
Vickers Viscount 837,2
Canadair CRJ-100ER,2
Vickers Viscount 812,2
Antonov 12B,2
Douglas C54A,2
Boeing B-737-4Y0,2
Vickers 785D Viscount,2
Douglas DC-3 (C-47A-90-DL),2
Boeing B-747-122,2
Convair CV-340-58,2
ATR 42-300,2
Embraer 110P1A Bandeirante,2
Antonov An-32B,2
Sikorsky S-61L helicopter,2
Curtiss C-46A-40-CU,2
Douglas DC-7,2
Bell 206B3,2
Lockheed P-3A Orion,2
Convair CV-990-30A-5,2
Fokker F-27 Friendship 500F,2
Douglas C-47-DL (DC-3),2
Lockheed 188C Electra,2
Bristol 170 Freighter 31M,2
Airbus A310-304,2
Harbin Yunshuji Y-12 II,2
Ilyushin 76TD,2
Boeing B-707-437,2
Boeing B-737-3Y0,2
Fairchild C-82A,2
Curtiss C-46D-CU,2
Boeing B-727-81,2
Douglas C-54A-1-DO,2
Sud Aviation SE-210 Caravelle VIN,2
Beechcraft C99,2
de Havilland Canada DHC-8-102,2
Vickers 802 Viscount,2
GAF Nomad N24A,2
Canadair CL-600-2B16 Challenger 604,2
Curtiss C-46E-1-CS,2
Douglas C-47B-15-DK,2
Vickers Viscount 748D,2
Lockheed 749-79-33 Constellation,2
Vickers 628 Viking 1B,2
Antonov 32B,2
Douglas DC-3 / Douglas DC-3,2
Lockheed L-749A Constellation,2
Bristol Britannia 175,2
Curtiss C-46D-15-CU,2
Lockheed WV-2,2
Cessna 421C Golden Eagle,2
Antonov 28,2
Boeing B-737-291,2
Hawker Siddeley HS-125,2
Douglas C-47A-35-DL,2
Boeing B-707-328,2
Vickers Vanguard 951,2
Hindustan Aeronautics 748-2,2
Douglas R5D-3,2
Boeing B-707-123B,2
Avro Shackleton MR-1,2
Learjet 23,2
Antonov An-2R,2
Curtiss C-46 Commando,2
Bristol 170 Freighter,2
Curtiss-Wright C-46,2
BAC One-Eleven 203AE,2
Douglas C-54 Skymaster,2
Douglas C-47A-25-DK,2
McDonnell Douglas DC-8-33,2
Lockheed 1049E Super Constellation,2
Lockheed WV-2 Super Constellation,2
Swearingen SA-226T Metro II,2
Lockheed C-130B,2
Vickers 610 Viking 1B,2
Lockheed L-188CF Electra,2
Tupolev Tu-124,2
Boeing B-707-124,2
Fairchild C-119,2
Vickers Viscount 720,2
Ilyushin II-14,2
Curtiss C-46T,2
Douglas DC-8-54F,2
de Havilland Comet 4,2
Boeing B-757-223,2
Military - U.S. Air Force,2
Avro Shackleton MR-2,2
Airbus A310-324,2
LET 410UVP,2
Curtiss C-46D-20-CU,2
Boeing B-29A Superfortress,2
Antonov AN-26V,2
Convair CV-240-7,2
CASA 212-200 Aviocar,2
Convair RB-36H,2
Britten-Norman BN-2A-21,2
Cessna 208A Caravan I Cargomaster,2
Ilyushin II-76,2
Xian Yunshuji Y-7-100C,2
de Havilland DH-89A Dragon Rapide,2
de Havilland Dove 1,2
Douglas C-124C Globemaster,2
Convair CV-440-62,2
de Havilland Comet 4B,2
Cessna 185,2
Antonov An-10A,2
Vickers 615 Viking 1B,2
Boeing B-727,2
Douglas DC-2-115B,2
Airbus A320-232,2
McDonnell Douglas DC-8-55F,2
Handley Page W-10,2
Canadair CL-44J,2
Grumman G-21,2
Stearman 4,2
De Havilland DH-60,2
Fokker F-27 Friendship 600RF,2
Hawker Siddeley HS-748 2,2
McDonnell Douglas MD-81,2
Ford 4-AT-B Tri Motor,2
Vickers Viscount 749,2
Canadair CRJ-200ER,2
Latecoere 32,2
Liore-et-Olivier 213,2
Ford Tri-motor 4,2
Short S-23 Empire Flying Boat,2
Savoia-Marchetti SM.75,2
Bleriot 155,2
Airbus A320-214,2
Antonov 12V,2
Piper PA-31-350 Navajo,2
Lockheed P-3B Orion,2
Heinkel He-70,2
CASA 212 Aviocar,2
Embraer 110P2 Bandeirante,2
Short Sunderland,2
Antonov AN-22,2
Sikorsky S-43,2
Airbus A320-111,2
Tupolev ANT-6,2
Junkers JU-53/3m,2
Sikorsky S-76C,2
Britten-Norman BN-2A-20 Islander,2
Douglas C-47A-5-DK,2
Fokker F7,2
Gates Learjet 24B,2
Stearman C-38,2
Boeing B-747-237B,2
Boeing 707-336C,2
Lockheed Orion 9,2
Douglas DST-A-207A,2
Arava 201,2
IAI 1124 Westwind,2
Fokker F-28 Fellowship 3000,2
Cessna 208 Caravan I,2
NAMC YS-11A-211,2
Sikorsky CH-53D (helicopter),2
Lockheed HC-130P Hercules,2
Sikorsky S-42 (flying boat),2
Lockheed 14H Super Electra,2
Potez 621,2
Short Empire Flying Boat,2
Britten Norman BN-2A-27 Islander,2
Antonov An-28,2
de Havilland DH.80 Puss Moth,2
Hawker Siddeley HS-748-209 Srs. 2,2
Stinson,2
de Havilland Canada DHC-2 Beaver,2
Airbus A-320-233,2
Antonov An-2,2
Lockheed C-141A (L.300),2
Piper PA-31,2
Boeing B-727-2F2,2
Lockheed C-130A,2
Ford 5-AT-B Tri-Motor,2
Stearman C-3MB,2
BAC One-Eleven 515FB,2
Lockheed L-1011,2
Cessna 402,2
Stinson SM-6000B,2
Beech E18S,2
Fairchild 71,2
Boeing B-737-2A1,2
Junkers G-24,2
Short S-17 Kent,2
Boeing B-737-2H6,2
Cessna 500 Citation I,2
Cessna 402B,2
Sud-Aviation Caravelle VI-N,2
Boeing B-727-21,2
Junkers 52/3m,2
Lockheed Orion,2
de Havilland DHC-3 Otter,2
Boeing Vertol CH47A (helicopter),2
Douglas C-47A-90-DL,2
Tupolev ANT-9,2
Lockheed C-141A,2
de Havilland Canada DHC-5D Buffalo,2
Antonov An-24,2
Hawker Siddeley Trident 2E,2
Sikorsky S-62A,2
Beechcraft Super King Air 200,2
Douglas C-47A-DK,2
Ford 5-AT-C Tri-Motor,2
Curtiss-Wright C-46D-CU,2
Avro Lancaster,2
Boeing B-747-200,2
Beechcraft 99A,2
Antonov An-2TP,2
Airbus A321-231,2
Douglas C-54G,2
de Havilland Canada DHC-7-102,2
Transall C-160D,2
Curtiss-Wright C-46F-CU,2
Boeing 737-8HG,2
Lockheed Vega 5C,2
Douglas C-47B-5-DK,2
Sikorsky S-38B,2
Douglas DC-2-243,2
Fairchild F-27B,2
Boeing 707-321CF,2
Curtiss AT-32C Condor,2
Bell 205A,2
Nord 262A-44,2
Avro 10,2
Potez IX,2
de Havilland DHC-5 Buffalo,2
Sikorsky S-61N,2
Piper PA-31-350 Chieftain,2
Lockheed Hudson VI,2
Fokker F-XXII,2
Consolidated B-24,2
Boeing B-727-235,2
Douglas C-53D-DO,2
Tupolev TU-154B-1,2
Shorts 330-200,2
Shorts 360-300,2
Fairchild F-27J,2
Lockheed Hercules C-130,2
Lockheed 18-56 Lodestar,2
Douglas C-47A-60-DL,2
Sikorsky CH-53D,2
Curtiss R-4LM,2
Bell UH-1H,2
Tupolev 154B-2,2
Boeing 707-327C,2
Antonov An-12B,2
BAC One-Eleven 402AP,2
Mil Mi 8T (helicopter),1
Britten-Norman BN-2B-27 Islander,1
Hawker Siddeley HS-748-329 Srs. 2A,1
Vickers Viscount 816,1
Aerospatiale AS-350B,1
Airbus A300B4-203,1
Hawker Siddeley Trident 2E /  II-28,1
Britten-Norman BN-2A-8 Islander,1
Hawker Siddeley HS-748-FAA,1
Boeing B-747-230B,1
Boeing B-737-2P6,1
Vickers 798D Viscount,1
McDonnell Douglas DC-8-54F37,1
Shorts SC-7 Skyvan 3A-200,1
Avia 14M-40,1
Lockheed C-141B / Lockheed C141B,1
CASA 212-A3 Aviocar 100,1
Boeing B-737-2V2,1
Boeing 707-373C,1
Convair CV-440-80,1
CASA 235-10,1
Fokker F-28 Fellowship 2000,1
Boeing B-747-258F,1
Sikorsky S-61N-II,1
Boeing B-767-233ER,1
Kawasaki C-1 / Kawasaki C-1,1
Fokker F-28 Fellowship 3000RC,1
Boeing B-747-283B,1
de Havilland Canada DHC-4T Caribou,1
Sud Aviation SE-210 Caravelle VIR,1
Shin Meiwa PS-1,1
Antonov AN-22A,1
Boeing B-727-200 / DC9-32,1
Fairchild C-199G,1
Airbus A300B2-203,1
Boeing B-727-2L5 / MiG23UB,1
Lockheed 1011-200 TriStar,1
Boeing B-727-27C,1
Lockheed EC-130E Hercules,1
Hawker Siddeley HS-748-2,1
Swearingen 226TC Metro II,1
Douglas DC-8-43F,1
Bell 205A-1 helicopter,1
British Aerospace 146-300,1
"Helicopter, Hughes 369HS",1
Lockheed MC-130E-Y,1
Britten-Norman  BN-2A-20 Trislander,1
Boeing B-747-2B5B,1
Piper PA-42 Cheyenne,1
Boeing B-727-46,1
Aerospatiale Caravelle 6R,1
de Havilland  Canada  DHC-5D Buffalo,1
Lockheed L-1011-200,1
Boeing B-737-5L9,1
Dornier Do-228-101,1
Piper PA-28-180,1
Boeing B-707-309C,1
DHC-6 Twin Otter 300 / NAMC YS-11,1
Britten Norman BN-2A Trislander7,1
Boeing B-707-340C,1
British Aerospace Jetstream BA-3100,1
Antonov AN-124,1
Douglas DC-4 (C-54),1
de Havilland Canada DHC-5 Buffalo,1
GAF Nomad 22B,1
Hawker Siddeley HS-748-234 Srs. 2A,1
GAF Nomad N-22,1
Britten Norman BN Islander,1
Cessna 441 Conquest,1
Cessna 185A,1
Boeing B-727-86,1
Fairchild FH-227H,1
Lockheed 1339,1
Dassault-Breguet Atlantique,1
Convair 580-11A,1
Boeing B-727-212A,1
de Havilland DHC -6-100,1
Boeing KC-135C,1
Beechcraft Bonanza F35,1
Hughes 369D,1
de Havilland Canada DHC-7-103,1
Westland Sea King HC-4 (helicopter),1
Aerospatiale 330G Puma,1
Fairchild-Hiller FH-227B-LCD,1
Boeing RC-135S,1
Bell UH-1B Huey Helicopter,1
Tupolev TU-154M / Sukhoi Su-24,1
Let 410UVP Turbojet / Tupolev TU-134V,1
Hawker Siddeley HS-748-234,1
Gates Learjet 25B,1
de Havilland Canada DHC-8-301,1
Boeing Vertol CH-47C (helicopter),1
Douglas DC-3 (C-47A-70-DL),1
LET  410M Turbojet,1
Aerospatiale Puma,1
Beech C-45H,1
Hadley Page 137Jetstream I / Cessna 206,1
Mitsubishi MU-2B-60,1
Boeing EC-135N,1
BAC One-Eleven 529FR,1
Ilyushin Il-14,1
Hawker Siddeley HS-748,1
Canadair CL-44D4-6,1
Antonov AN-24RV / Soviet Air Force TU-16,1
Yakovlev YAK-40 / Mil Mi-8,1
Northrop F-5A,1
Learjet 24,1
Pilatus PC-6/B2-H2 Turbo-Porter,1
Fairchild SA227-TT,1
Boeing B-747-466,1
Boeing 737-2A1C,1
Shaanxi Y-8D,1
Beechcraft C99 / Rockwell 112TC,1
Mi-6,1
Beech King Air B100,1
Mil Mi-17 ( helicopter),1
Boeing B-737-270C,1
CASA 212-100,1
Boeing B-737-401,1
Boeing B-707-379C,1
Swearingen SA-226TC / Mooney M-20C,1
Boeing KC-135,1
F-4C Phantom jet fighter,1
Boeing B-737-241,1
Dornier Do-288-201,1
Boeing 707-351C,1
Cessna 177RG,1
Swearingen SA-26TC Metro II,1
Cessna 404 Titan II,1
Sikorsky S-58T,1
Boeing B-377 Stratofreighter,1
Boeing B-737-2P5,1
Hawker Siddeley HS-125-403B,1
Boeing-Vertol Chinook,1
Lockheed C-130,1
Boeing B-727-264,1
Cessna 207 / Cessna 207,1
Lockheed L-1011-100,1
Nord 262C-66,1
Dassault Breguet Atlantique,1
de Havilland Can. DHC-6 -300/ Bell 206B,1
Lockheed C130D,1
Hawker Siddeley HS-748-2A,1
Howard 250,1
MD Douglas DC-9-32 / Piper PA-28-181,1
British Aerospace 3101 Jetstream 31,1
Agusta A109A MK II,1
Mil Mi-4 / Mil Mi-4,1
Casa 212 Aviocar,1
Boeing B-737-209,1
Short SC-7 Skyvan Variant,1
LET 410MT Turbojet,1
Boeing 737-286,1
Enstrom F-28F,1
Cessna 402C Utililiner,1
Mil Mi-8 / Mil Mi-8,1
BAC One-Eleven 516FP,1
Airbus A.300B4-203,1
Swearingen SA-226TC Metro II,1
Vickers 952F Vanguard,1
Swearingen SA227-AC,1
Boeing B-747-121A,1
Ilyushin IL-76 / Mi-8 (helicopter),1
Boeing B-727-2H9A,1
Sikorsky UH-60A / Sikorsky UH-60A,1
Douglas DC-8-55F,1
Yunshuji Y-12-II,1
Boeing B-707-338C,1
Aerospatiale Alenia ATR-42-312,1
Beech King Air F90,1
Boeing B-737-230,1
Boeing B-727-232 Adv,1
Hawker Siddeley HS-121 Trident 2E,1
Boeing B-737-297,1
Boeing B-737-3T0,1
Let 410MU,1
Boeing 707-328C,1
Swearingen SA.227AC Metro,1
Boeing 747-249F,1
Tupolev TU 154B-2,1
Curtiss C-46A-55,1
A-7D Corsair,1
Hawker Siddeley HS-748-435 Srs. 2,1
Cessna 404 Titan Courier II,1
Boeing B-747-244B Combi,1
Ilyushin IL-62MK,1
Boeing B-707-3B5C,1
British Aerospace BAe-146-200A,1
McDonnell Douglas DC-8 Super 62,1
Britten Norman BN-2A Trislander II,1
Embraer 120 Brasilia,1
Aérospatiale SE-210 Caravelle,1
Pilatus PC-6 Turbo Porter,1
Boeing B-707-349C,1
McDonnell Douglas DC-9-33RC,1
NAMC YS-11A-300F,1
Aerospatiale SA-330J,1
Boeing B-737-230A,1
Bell UH-1H / Bell UH-1H (helicopters),1
Fokker 27 Friendship 200,1
Boeing B-737-204,1
Piper Aerostar 601 / Bell 412SP,1
Boeing B-767-3Z9ER,1
Lockheed C-141B,1
Boeing B-737-2H7C,1
Cessna 207A,1
Handley Page Dart Herald 202,1
Dornier Do-228-212,1
Antonov An-2T,1
Embraer 120RT- Brasilia,1
McDonnell Douglas DC-8F-55,1
Beechcraft BE-99-C99,1
Lockheed P-3C / Lockheed P-3C,1
Hawker-Siddeley DH-125-1A/522,1
Ilyushin IL-76M,1
LET 410 M,1
Boeing B-727-225 Adv,1
Bell 206 L-1,1
British Aerospace BAE-146-200A,1
Beech Queen Air 65-A80,1
Lockheed L-382B Hercules,1
Aerospeciale AS-350D,1
Sepecat Jaguar A,1
Bell 206B helicopter,1
Britten Norman BN-2A-26 Trislander,1
Convair CV- 640,1
Boeing B-747-2R7F,1
Mc Donnell Douglas MD-81,1
Embraer C-95C Bandeirante,1
Lockheed CC-130E,1
Douglas EC-54U,1
Britten-Norman BN2A-III-2 Trislander,1
Bell UH-1H / Bell UH-1H,1
Learjet 23A,1
Bell 214 ST,1
Fairchild F-27M,1
Lockheed C-130H-30,1
Antonov AN-72,1
Embraer 110EJ Band./Embraer 110P Band.,1
Aerospatiale 350B1,1
McDonnell Douglas DC-8 Super 61,1
McDonnel F-4E Phantom II,1
McDonnell Douglas DC-9-15RC,1
Boeing B-737-300 / Swearingen SA-227AC,1
Boeing B-747-SP-09,1
Bell 296B,1
Beech King Air B90,1
Britten-Norman 2B-21 Islander,1
BAC One-Eleven 528FL,1
Boeing B-737-266,1
McDonnell Douglas DC-8 Super 63PF,1
Short SC7- Skyvan,1
Avro Shackleton AEW-2,1
Sud-Aviation  Caravelle VI-N,1
Douglas DC-3A-178,1
IPTN 332C Super Puma,1
Douglas DC-3 (C-47A-30-DK),1
Boeing B-737-281,1
CASA 212 Aviocar 300,1
Antonov An-12AP,1
Sikorsky S-58ET (helilcopter),1
MiG-23,1
DHC-5 Buffalo,1
Airbus A320-231,1
Boeing B-737-236,1
Bell BHT-206-B Helicopter,1
Lockheed C-5A,1
Boeing B-747-SR46,1
Boeing B-707-320F,1
Boeing B-727-256,1
Boeing B-727-251 / MD Douglas DC-9-14,1
Boeing RC-135T,1
Aerospatiale 330J Puma,1
de Havilland Canada DHC-8-103,1
HS-125-700B,1
Douglas C-47B-40-DK,1
Boeing B-737-247 / Boeing B-757-21B,1
Cessna 501 Citation,1
Boeing B-727-227,1
Tupolev TU-134A / Antonov An-26,1
Cessna 441 Conquest II,1
Boeing B-727-247,1
CH-53D,1
Piper PA-31-325 Navajo,1
Lockheed L-1011-1 TriStar,1
Let 410UVP Turolet,1
Wright Flyer III,1
British Aerospace Jetstream 4101,1
Bombardier DHC-8-402 Q400,1
Bell 206-L4 Jet Ranger III,1
Britten Norman BN-2A Trislander Mk3,1
Boeing 737-500,1
ATR-42-320,1
Sikorsky S-76C++,1
Bandeirante EMB-110P1,1
Boeing 737-8F2,1
Ilyushin Il-62M,1
Ilyushin Il-76T,1
Sikorsky S-92A,1
Pilatus PC-12/45,1
Eurocopter AS 332L2 Super Puma 2,1
British Aerospace BAe-146-300,1
Mi-35,1
Rockwell International 690B,1
Bell 222,1
Aerospatiale SA365N-1 Dauphin II,1
Learjet 60,1
Boeing B-737-505,1
Boeing B-737-219,1
Bell Huey UH-1H,1
British Aerospace BAe-125-800A,1
Boeing B-747-209BSF,1
Douglas DC9-15F,1
Ilysushin Il-76TD,1
Bell 407 / Bell 407,1
CASA NC-212,1
Bell UH-1N,1
Airbus A-310-324,1
Bell UN-1N Huey,1
Eurocopter AS350D Astar,1
Airbus A330-203,1
ATR-72-212A,1
McDonnell Douglas DC-9-51,1
Embraer ERJ-190-100LR,1
Beechcraft A100 King Air,1
McDonnell Douglas C-17A Globemaster III,1
Antonov An-24 V,1
de Havilland Canada DH-3T Otter,1
Boeing B-737-73V,1
Dornier 228-101,1
Mi 17V-5,1
Eurocopter AS-350BA / Piper PA-32R-300,1
Boeing B747-44AF,1
Fletcher FU-24-954,1
ATR 42-320,1
Sikorsky UH-60 Black Hawk,1
Ilyushin Il-76TD,1
Tupolev Tu-154B-2,1
Antonv An-24B,1
Antonv An-28,1
Airbus A330-202,1
Airbus A300B4-203F,1
Helicopter,1
GAF N22B Nomad,1
Embraer EMB-110C Bandeirante,1
Boeing 737-8AS,1
de Havilland Canada DHC-2 Beaver MK- 1,1
McDonnell Douglas MD-11F,1
Aerospatiale AS350,1
Ilyushin Il-76,1
Tupolev Tu-142M3,1
Britten-Norman BN-2A-8 Island,1
Boeing 707-330C,1
Eurocopter AS350-B2,1
British Aerospace Jetstream 41,1
de Havilland Canada DHC-2 Mark I Beaver,1
Swearingen SA227AC Metroliner III,1
Pilatus PC-12/47,1
Antonov AN-140-100,1
Boeing 737-230,1
Antonov AN-26A,1
Boeing B-737-2L9,1
Boeing B-737-7H4,1
McDonnell DC-9-32,1
Grumman G73T Turbo Mallard,1
British Aerospace BAe-125-700A,1
Dornier 228,1
UH-60L Black Hawk,1
Shorts 360-100 /Shorts 360-300,1
Let L410UVP-E20,1
Antonov 74TK-200,1
KJ-2000,1
Airbus A-310-324ET,1
Boeing B-737-244,1
Boeing 737-31S,1
ATR-72-202,1
Airbus A-340,1
Yunshuji Y-12,1
Beech 65-A80 Queenaire,1
Boeing B-707-3J9C,1
Lockheed Hercules MC-130H,1
Let-410UVP-E,1
Antonov 24,1
Pilatus-Britten Norman BN-2B-26 Islander,1
Cessna 560 Citation V,1
Lockheed Hercules C.1,1
Let 410UVP-E4,1
CH53E Sea Stallion,1
Black Hawk helicopter,1
PZL-Mielec M28,1
British Aerospace Nimrod MR-2,1
Boeing B-737-8EH /EMB-135JB,1
Eurocopter  AS332L2 Super Puma,1
Let 410 UVP-E10A,1
North American CT-39A Sabreline,1
de Havilland DHC-6 Twim Otter 100,1
de Havilland DHC-2 MK.1 Beaver,1
Boeing 737-809,1
Embraer EMB-110P1 Bandeirant,1
UH-60 Blackhawk helilcopter,1
Eurocopter Deutschland BK117C1,1
BAe 146-200,1
Let 410 UVP-E3,1
Mi-17 Helicopter,1
Boeing 777-236ER,1
CASA C-295M,1
CASA NC-212-200,1
ATR-42-300,1
Boeing 737-2M2,1
Cessna 550 Citation II,1
Boeing B-737-8AL,1
Mi 8,1
Pilatus Britten Norman BN-2A-27 Islander,1
Ilushin Il-76TD,1
Tuolev 134AK,1
Rockwell 500S Shrike Commander,1
Mc Donnell Douglas 369FF Rotocraft,1
Aerospatiale AS350BA Rotocraft,1
Boeing B-737-497,1
Sikorsky UH-60L Black Hawk,1
Antonov 26B-100,1
Boeing B-737-4Q8,1
Antonov 74T-200,1
Boeing 727-23F,1
Boeing 737-2B7,1
Boeing B-727-286,1
Swearingen SA-227BC Metro III,1
Canadair CL-601-2A12 Challenger,1
Boeing 747-412F,1
Cessna 208 Grand Caravan,1
Swearingen SA277-AT Expditer,1
Avro RJ-85,1
M28 Skytruck,1
ATR-42-500,1
Boeing 727-2JOF,1
Beechcraft B200 Super King Air,1
Antonov AN-26-100,1
Britten-Norman BN2 Islander,1
Shorts 300-200,1
Let L-410UVP-E20,1
Shaanxi Y-8F-200W,1
Socata TB1-10 Tobago,1
Lockheed KC-130T Hercules,1
Boeing 777-31H,1
Kubicek BB85Z Hot Air Balloon,1
Eurocopter EC225LP Super Puma M2+,1
Britten-Norman Islander,1
Mitsubishi MU-2B 60 Marquise,1
Boeing 737-8KN (WL),1
IAI Attava 201,1
PAC 750XL,1
de Havilland DHC-6 Twin Otter 400,1
Airbus A321-111,1
Canadair CRJ-200,1
Mil MI-8T,1
Aerospatiale AS 350B2 Ecureuil,1
de Havilland DCH-4T Caribou,1
de Havilland DHC-6 Twin Otter,1
Lockheed C-130J Hercules,1
de Havilland Canada DHC 3T Turbine Otter,1
Embraer EMB-120ER,1
ATR42-320,1
CASA CN-235-100,1
Boeing 737-8KV WL,1
Pilatus-Britten Norman BN-2B-27 Islander,1
Canadair CL-600-2B16-Challenger,1
Sukhoi Superjet-100-95B,1
Beechcraft B300 King Air,1
Convair CV-440F,1
Antonov An12-A,1
Boeing 737-86J,1
Shaanxi Y-8GX-3,1
IAI 1124A Westwind II,1
Antonov An26SH,1
Boeing 737-524,1
Let L-410UVP-E,1
Eurocopter AS350B3 Ecureuil,1
Beechcraft B300 King Air 350i,1
Boeing 737 Max 8,1
Boeing 767-375ER,1
Boeing 707-3J9C,1
Boeing 757-N23,1
Boeing 737-MAX 8,1
Boeing 737-8BK,1
Ilyushin Il-20M,1
Cessna 208B Grand Carivan,1
Boeing 737-201,1
Lockheed HC-130H Hercules,1
Boeing 737-7H4,1
Ilyushin 76-TD,1
de Havilland Canada DHC-8-402Q Dash 8,1
Eurocopter AS 350B2,1
ATR 72-212,1
Antonov AN-148-100,1
Eurocopter EC 130B4,1
Pacific Aerospace,1
Lockheed C130-B Hercules,1
Let L-410 UVPE-20,1
Sikorsky S-70A-28,1
De Havilland Canada DHC-6-300 Twin Otter,1
CASA NC-212 Aviocar 200,1
Beechcraft 100 King Air,1
Eurocopter EC-130 B4,1
Aerospatiale AS 332L1 Super Puma,1
Aerospatiale AS-350 B2 Ecureuil,1
ATR 72-201,1
Ilysushin Il-76T,1
Boeing 737-236,1
Sukhoi Superjet 100-95,1
Boeing B-727-200,1
Sikorsly S-58ET,1
PA-34-200 Seneca I,1
Antonov An-26-100,1
North American P-51D-15-NA Mustang,1
Swearingen SA-227BC Metroliner III,1
CASA C-212 Aviocar 300DF,1
Eurocopter AS350B2,1
Boeing B-737-210C(A) Combi,1
Boeing CH-47 Chinook,1
Boeing B-747-48EF,1
Lockheed C-130 Hercule,1
Let L-401UVP-20,1
Boeing B-727-100,1
Ilyushin76TD,1
Tupolev Tu-134,1
Saab 340A,1
Xian MA-60,1
Embraer/Piper EMB-810C Seneca,1
Mil Mi-172,1
Canadair CL-600 CRJ-100ER,1
Dornier 228-202,1
Douglas C47-TP,1
de Havilland DHC-3T Vazar TurbineOtter,1
Boeing 777-2H6ER,1
Boeing 777-200,1
Urocopter AS350 B2,1
British Aerospace BAe 125-700A Hawker,1
Aerocomp Comp Air 8,1
Antonov 74TK-300,1
Mil Mi-171,1
ATR 72-500,1
Antonov AN-72-100D,1
Mc Donnell Douglas MD-83,1
HESA Iran-140-100,1
Fokker F-27 MK 500,1
Airbus A-320-216,1
ATR 72-600,1
Both Eurocopter AS350B3,1
Antonov 26,1
Lockheed C-130H-30 Hercules,1
Britten Norman BN-2A-3 Islander,1
Embraer ERJ-190AR,1
Eurocopter EC135 T2,1
Boeing 737-53A,1
Swearingen SA227-AC Metro II,1
Mil- Mi-17B-5,1
Swearingen SA227-AC Metro III,1
ATR-72-50,1
Airbus A300F-622R,1
de Havilland Canada DHC-3T,1
Boeing B-777-28EER,1
MI 172 V5 helicopter,1
Boeing B-747-428BCF,1
Boeing B-737-8GP,1
Tupolev TU-204-100V,1
McDonnell-Douglas MD-82,1
CASA 212-CC,1
Vickers 813 Viscount,1
Eurocopter AS-350-BA,1
Airbus A.320-214,1
Convair CV-240-53,1
Boeing B-727-230,1
Boeing B-737-282,1
Bell 206L-3,1
Swearingen SA-226TC Metroliner II,1
Rockwell Sabreliner 60,1
Burgess RV-6 experimental,1
Beechcraft 1900D / Cessna 177,1
de Havilland Dash-2 Beaver,1
DC-3-65TP,1
de Havilland Dash-2 float plane,1
British Aerospace BAe-146-100,1
Boeing B-727-30,1
Boeing B-727-228,1
Saab340B,1
Airbus A300-622R,1
CASA 212-S1 Aviocar 100,1
Grummand EA-6B,1
Antonov An-72,1
Boeing B-737-300,1
Antonov AN-124-100,1
Rutan Long EZ (experimental aircraft),1
Airbus A300-B4-200,1
Tupolev TU-154M / C-141 Starlifter,1
Dornier DO-228-212,1
McDonnell Douglas DC-8-61F,1
Boeing B-747-300,1
Aerospatiale ATR-42-512,1
Vickers Viscount 781D,1
Boeing B-737-31B,1
Britten-Norman BN-2A-3 Islander,1
Britten-Norman Trislander,1
Aviation Traders ATL-98 Carvair,1
Boeing 747-2B5F,1
Bell 214ST helicopter,1
Gates Learjet 35,1
Boeing B-767-366ER,1
Aerospatiale Alenia ATR-42,1
Ilyushin 114T,1
British Aerospace APT,1
Airbus A300B2-101,1
Airbus A-310-204,1
AirbusA310-304,1
McDonnell Douglas DC-8-71F,1
Boeing B-737-3T5,1
CASA 212-DE Aviocar 200,1
Antonov AN-12 (freighter),1
Boeing B-737-2H4,1
Dassault Falcon 900B,1
Boeing 757-204,1
Hawker Siddeley HS-748-501 Super 2B,1
Boeing B-737-204C,1
McDonnell Douglas MD-90-30,1
Piper PA-32-R301 Saratoga II HP,1
Boeing 727-243F,1
Eurocopter AS-350BA,1
de Havilland Canada DHC-4A,1
Boeing 737-4Q8,1
Learjet 24D,1
Douglas DC-3C (C-47A-DK),1
Antonov AN-32 Transport,1
Dornier 328-110,1
Britten Norman BN-2A-26,1
Boeing KC-135E,1
Lockheed Martin L-100-30 Hercules,1
British Aerospace ATP,1
Lockheed C-130HF,1
Rockwell Sabreliner 65,1
Lockheed 1329 Jetstar 8,1
Mil Mi-8MTV (helicopter),1
Antonov AN-12A,1
McDonnell Douglas DC-9-82 / Cessna 441,1
British Aerospace Jetstream 3201,1
Boeing 737-2D6C,1
Airbus A300B2-1C,1
Dassault Falcon 20E,1
Embraer 120-RT Brasilia,1
Hawker Siddeley HS-748-357/2B SCD,1
Swear. SA-227CC Metro 23/Piper Navajo,1
Grumman Gulfstream II,1
Embraer 110 P1 Bandeirante,1
Piper PA-31-310 Navajo,1
Antonov 2R,1
Boeing B-737-3B7,1
Aerospatiale ATR-42-300,1
Bell 206L-4,1
Sikorsky S-58ET,1
Yakovlev 40D,1
Britten-Norman BN-2B-26 Islander,1
Aerospatiale AS350D,1
McDonnell Douglas DC-9-30,1
Airbus A330-321,1
Learjet 25D,1
Boeing Vertol Chinook HC-2 (helicopter),1
Pilatus Britten-Norman BN-2B-27 Islander,1
Sikorsky UH-60 / Sikorsky UH-60,1
Dassault Falcon 50,1
Britten-Norman BN-2A-21 Trislander,1
Grumman G-73T Turbo Mallard,1
Boeing 737-2R4C,1
Hawker Siddeley HS-748 2A,1
Shorts SC-7 Skyvan,1
Boeing B-737-2C3,1
Boeing B-757-200,1
Boeing 727-286,1
Sikorsky S-70 / Sikorsky S-70,1
McDonnell Douglas MD-88,1
Boeing B-747-131,1
de Havilland Canada DHC-3 Turbo Otter,1
Ilyushin IL-76T,1
Antonov An-124,1
British Aerospace Nimrod MR-2P,1
Boeing B-707-323C,1
Boeing B-747-168B / Ilyushin IL-76TD,1
Beechcraft 1900-C / Beech King Air A90,1
Boeing B-767-260ER,1
Hawker Siddeley HS-748-353 Srs.2a,1
Sikorsky CH53D / Sikorsky CH53D,1
Britten Norman BN-2A-20 Trislander,1
Cessna 177B,1
Boeing B-737-T43,1
Mil Mi-8T (helicopter),1
GAF Nomad N-24A,1
Boeing B-757-225,1
ConvairCV-440,1
British Aerospace BAe-125-700B,1
Tupolev TU-134B-3,1
Boeing B-737-2K9,1
Boeing 707-323C,1
Bell 412 (helicopter),1
Boeing B-737-2F9,1
Mil Mi-8MTV-1,1
CASA 212,1
De Havilland Dash-3,1
Boeing B-707 (E-3B),1
Britten-Norman BN-2A-9 Islander,1
BAe Jetstream 3101-31,1
Grumman Gulfstream G3,1
Gates Learjet 45,1
Cessna 421,1
Ilyushin Il-76MD,1
Let L-410UVP,1
Boeing B-737-2T4,1
Beech A36,1
Illyushin 76,1
Piper PA-31-350 Navajo Chieftain,1
Reims Aviation 406,1
Embraer 820C Navajo,1
McDonnell Douglas 369D,1
Cessna 180H,1
Mitsubishi MU 2B 35,1
Sikorsky  S 76 A,1
Boeing 737-2J8C,1
Antonov 24B,1
Fokker 28 Fellowship 1000,1
BAe Avro RJ-100,1
Beech BE-1900D,1
Embraer-110 C-95B Bandeirante,1
Antonov AN-140,1
Aérospatiale/Aeritalia ATR-72-202,1
Let 410UVP-E20,1
Fokker F27 Friendship 100,1
IAI 1124A Westwind,1
Ilyushin IL-38 / Ilyushin IL-38,1
de Havilland Canada DHC-6-300 Twin Otter,1
Mil Mi-26,1
Yunshuji Y-8D,1
Iluyshin Il-86,1
Sukhoi Su-27,1
Sikorsky S-76A,1
Gates Learjet 35A,1
Let 420UVP-E,1
Hawker Siddeley HS-748-372,1
Pilatus-Britten Norman BN-2A-27 Islander,1
Mi-8MTV-1,1
Sikorsky S 76,1
Shorts 360,1
Tupolev 134A-3,1
Rockwell CT-39A Sabreliner,1
CH-47D Chinook,1
Boeing 747-244B-SF,1
Aerospatiale AS350BA,1
Canadair CRJ200LR RegionalJet,1
Pilatus Britten-Norman BN-2A-21 Islander,1
Bae Jetstream 3201,1
Beech 200 Super King Air,1
BAe 3101 Jetstream 31,1
Bombardier CRJ200,1
BAe HS-748-232 Srs 2A,1
PZL-Mielec AN-2R,1
Swearingen SA227AC Metro III,1
Rockwell Gulfstream Jetprop 840,1
Fokker F-50,1
Boeing B-727-223,1
Douglas DC-9-15F,1
Swearingen SA227AT Merlin IVC,1
UH-60 Black Hawk / UH-60 Black Hawk,1
Shorts SC-7 Skyvan 3M Variant 100,1
Robertson R44 helicopter,1
CH-47 Chinook,1
Hawker 800A,1
Fairchild Hiller FH-227B,1
Antonov AN-2TP,1
Convair CV-580F,1
Piper PA31-310,1
Tupolev TU-154M / Boeing B-757-23APF,1
Boeing B-747-209B,1
Airbus A.330-301,1
Swearingen SA.227AT Merlin IVC,1
Shaanxi Yunshuji Y-8/Yunshuji Y-8,1
CASA 212-MP Aviocar 200,1
Douglas C-47A-30-DK (DC-3C),1
Douglas DC-3C (C47A-DL),1
Beech King Air 200 Catpass,1
Sud Aviation SE-210 Caravelle 10R,1
Shorts 360-100,1
Transall C-160NG,1
Short 360,1
Boeing B-737-4D7,1
Grummand Gulfstream III,1
Mil Mi-18 Helicopter,1
Cessna  208B Grand Caravan,1
CASA CN-235M-10,1
Cessna 206,1
Airbus A300-600R,1
Boeing B-747-412,1
Cessna 335,1
Shorts SC.7 Skyvan 3-100,1
Beechcraft SKA 200,1
Airbus A320-212,1
Piper Navajo PA-31/ Piper Seminole PA-44,1
Casa 212-AB10 Aviocar,1
Aerospatiale BAe Concorde 101,1
Aerospatiale AS355-F1,1
Boeing B-737-2A8 Advanced,1
Curtiss C-46A-60-CS,1
British Aerospace  BAe Jetstream 32EP,1
GAF Nomad N-22C,1
Kawasaki C-1A,1
Learjet 55,1
Antonov 12MGA,1
Sikorsky S-76B helicopter,1
Boeing B-737-566,1
Embraer EMB-120 Brasilia,1
Boeing 747-246F,1
Ilyushin IL- 76TD,1
Let 410A,1
Britten Norman BN-2B Trislander,1
Canadair CL-604,1
Lockheed Hercules KC-130R,1
Fairchild FH-227E,1
Antonov AN-28 PZL-Mielec M-28 Sky Truck,1
Boeing B-727-134,1
MH-47 Chinook helicopter,1
Antonov 2TP,1
Boeing B-767-200ER,1
Antonov AN-32A,1
BAC One-Eleven 525FT,1
BAE Avro RJ100,1
Ilyushin 18V,1
Airbus A-300-605R,1
Swearingen SA.226TC Metro I,1
Cessna 208 Caravan,1
Swearingen SA-226AT Merlin IV,1
MD-87 / Cessna 525A Citation II,1
de Havilland DHC-2 Mk 1 Beaver,1
LET 410UVP-E,1
Boeing B-757-222,1
Boeing B-767-222,1
Boeing 767-223ER,1
CASA  CN-235-200,1
Airbus A-330-243,1
Aerospatiale AS350 Eurocopter  helicoper,1
Dassault Falcon 20C,1
Ilyushin IL-76,1
Pilatus PC-6 Turbo Porter / Cessna 206,1
Bell 47J-2,1
Britten Norman BN-7A lslander,1
Faucett F-19,1
Consolidated 32-2 Liberator II,1
Douglas DC-3-194H,1
Douglas DC-3 Dakota,1
Douglas DC-3-201E,1
Martin PBM Mariner,1
Five Grumman TBM Avengers,1
Douglas C-47 Dakota-DK,1
Douglas C-48,1
Short Stirling,1
Boeing B-17G,1
Martin PBM-3S  / Martin PBM-5,1
Budd RB-1 Conestoga,1
Curtiss-Wright C-46A-CK,1
Consolidated LB-30-A Liberator,1
Douglas DC-3 (C-47DL),1
Short Stirling IV,1
Consolidated LB-40-A Liberator,1
Sikorsky S-43 (flying boat),1
North American B-25D bomber,1
Douglas DC-3-201C /  Army A-26,1
Boeing TB-29A Super Fortress,1
de Havilland DH-86A,1
Douglas C-47B-dK,1
Douglas C-54E-DO (DC-4),1
B17G Flying Fortress,1
Douglas R4D-6,1
UC-64A Noorduyn Norseman,1
Avro 683 Lancaster,1
Douglas DC-3-227B,1
de Hvilland 89A Dragon Rapide,1
Short S.23 Empire Flying Boat,1
Douglas C-53D-DO (DC-3),1
Lockheed C-60 Lodestar,1
Douglas DC-4 (C-54A-DO),1
Curtis C-46,1
Sikorsky S-43B (flying boat),1
Douglas DC-3 (C-50A-DO),1
Lockheed 049 Consellation,1
Curtiss C-47,1
Douglas DC-3 ( C-53D-DO),1
Avro  685 York I,1
Douglas DC-3 (C-47-B-1-DK),1
Curtiss-Wright R5C-1,1
Vickers 620 Viking 1,1
Douglas C-47A-90 DL (DC-3),1
AAC-1 Toucan,1
Vickers Wellington bomber,1
Fairey Firefly MK1,1
Douglas C-54E-5-DO,1
Douglas DC-3A-228D,1
de Havilland 89A Dragon Rapide,1
Douglas C-47B-25-DK,1
Curtiss Wright C-46,1
Douglas C-47A Dakota,1
Douglas DC-3 (C-47-A5-DL),1
Supermarine Stranraer (flying boat),1
Boeing B-17G / Boeing B-17G,1
Boeing B17G,1
Douglas C-54-DO (DC-4),1
PBY4-2 Privateer / PB4Y-2 Privateer,1
Consolidated B24H,1
C-47 Dakota DT-941,1
Boeing 707-324C,1
Douglas DC-3-3,1
Dewoitine D-342,1
Short S-30 (flying boat),1
Siebel Si-204,1
Liore et Olivier H-246 Air Boat,1
Douglas C-49E,1
Douglas DC-3-A-269,1
Douglas DC-2-221,1
deHavilland DH-86,1
Sikorsky S-42B (flying boat),1
Bloch 220,1
Consolidated 32-2 Liberator I,1
Macchi C.100,1
Mitsubishi MC-20,1
Ford 5-AT Tri-Motor,1
Sirkorsky 44A (flying boat),1
Savoia-Marchetti SM-83,1
Farman F-224,1
Junkers JU-90A-1,1
Junkers Ju53/2m,1
Lockheed Hudson A16-97,1
Douglas DC-2-115H,1
Junkers JU-52/3mge,1
Douglas DC-5,1
Savoia Marchetti SM 73,1
Handley Page HP-42,1
Savoia-Marchetti SM83,1
Airspeed Oxford,1
De Havilland D-84,1
Douglas C-39-DO  (DC-2),1
GVF PS-84,1
Junkers JU52/3m,1
Douglas DC3-G102,1
Lockheed 18-56 Loadstar,1
Douglas C-54A-DC (DC-4),1
Consolidated B-24H,1
Consolidated PB4Y-1,1
Consolidated Catalina PB2Y-3R,1
Douglas C-54A-DO (DC-4),1
R4D-5,1
Douglas A-26B Invader,1
Lockheed 10C Electra,1
Pilgrim 100B,1
Consolidated B-24 / Consolidated B-24,1
Lockheed L-18-56 Lodestar,1
Short Sunderland 3,1
Boeing B-17F / Boeing B-17F,1
Douglas DC-3 / Lockheed B-34,1
Short S-25 Sunderland 3 (flying boat),1
Consolidated Liberator B24 C,1
B-17C Flying Fortress,1
Short S-23,1
Lockheed C-56B Lodestar,1
Boeing B-314 (flying boat),1
Boeing XB-29,1
Consolidated 32-3 Liberator II,1
Consolidated C-87,1
Short S-26 (flying boat),1
Tupolev A.N.T. 20bis,1
Grazhdansky Vozdushnyi Flot PS-84,1
Handley Page HP-57 Halifax,1
Douglas DC-3 ( C-47-DO),1
Douglas C-47 / Douglas DC-3,1
Douglas C- C47A-30DK,1
Short Sunderland 9 (flying boat),1
Lisunov Li-2P,1
Fairchild C-82 Packet,1
Boeing C-97A Stratofreighter,1
Fairchild C-119C-15-FA Flying Boxcar,1
Douglas C-47A-30-DK Dakota III,1
Boeing 377 Stratocruiser 10-34,1
de Havilland DHA-3 Drover II,1
Vickers Valetta C-1,1
Fairchild C-82,1
Vickers 639 Viking 1,1
Convair B-36D,1
Douglas DC-4 /Beechcraft SMB-1,1
Douglas C-47A-75-DL Dakota 3,1
Savoia Marchetti SM-95,1
Curtiss Wright C-46F,1
Douglas C54E-DO (DC-4),1
Lockheed 749 Constellation,1
Vickers 610 Viking-1B,1
Avro Ninteen I,1
Boeing B-29MR,1
Douglas DC-3-178,1
Curtiss C-46-F-1-CU,1
Douglas C-47 (DC-3),1
Latecoere 631 (sea plane),1
Avro 689 Tudor 5,1
Douglas C-47A-15-DK,1
Douglas C-47A-50-DL,1
Casa 352,1
DC-2-243,1
Curtiss C 46F-CU,1
Savoia-Marchetti SM-95,1
Vickers Viking 610-1B,1
Ilyushin IL-2,1
Li-2 / Li-2T,1
Vickers Valetta T-3,1
Lockheed 18-56 LodeStar,1
Doublas Dc-3,1
Junkers JU-5/-3m,1
Vickers 616 Viking 1B,1
Douglas DC-4  (C-54-10-DO),1
Boeing B-29 Superfortress,1
de Havilland DH106 Comet 1A,1
Douglas C-54A-5-DC,1
Vickers Valetta Mk1 / Avero Lancaster,1
Douglas C-54B-10-DO,1
Douglas C-54G (DC-4),1
Vickers 614 Viking 1,1
Fairchild C-119C-23-FA Flying Boxcar,1
Boeing KC-97G Stratofreighter,1
de Havilland 110,1
Handley Page HP-81 Hermes 4A,1
Boeing 377 Stratocruiser,1
Fairchild packet (C119 flying boxcar),1
Boeing B-50 Superfortress,1
Airspeed AS-65 Consul,1
Handley Page HP-81 Hermes IV,1
Boeing 377-10-26 Stratocruiser,1
Curtiss C-46F-1CU,1
Boeing B-29 / Boeing B-29,1
Consolidated  32 Liberator II,1
Douglas C-54A-DO,1
Douglas DC-3-313A,1
Tempest,1
Bristol 170 Freighter XI,1
Lockheed L-049-46 Constellation,1
Vickers Viking 1B & Soviet YAK-3 fighter,1
Vickers 604 Viking 1B,1
Douglas DC-3 (C47-DL),1
Douglas DC-4 (C-54G-1-DO),1
Lockheed L-649 Constellation,1
Avro 688 Tudor I,1
Douglas DC-3 (C-47B-DK),1
Douglas DC-3-201F,1
Douglas DC-2-172,1
Douglas DC-3 (C-47),1
Short  S-29 Stirling V,1
Douglas C-47-DK,1
Lockheed L-049-46-26 Constellation,1
Douglas C-54B / P-38,1
Douglas DC-4A,1
Bristol 170 Freighter I,1
Boeing 314A,1
Short Sandringham (flying boat),1
Short Sandringham 5 (flying boat),1
Douglas DC-3F,1
Avro 691 Lancastrian 3,1
Douglas DC-4 (C-54-DO),1
Avro 691 Lancastrian,1
Junkers Ju-52,1
Douglas DC-3 (C-47DL) /Vultee BT-13,1
Avro York C1,1
Doublas C-47,1
Lockheed Hudson IIIA,1
Lisnov Li-2,1
Douglas DC-3-455,1
Handley Page Halifax C-8,1
Consolidated Canso (amphibian),1
Douglas DC-3 (C-54A-DO),1
Douglas DC-3 -201D/ F-6-F- 5 Hellcat,1
Hawker Hunter,1
Lockheed L-749-79-33 Constellation,1
Douglas C-47A-20-DL,1
Curtiss C-46D-5-CU,1
Bristol 170 Freighter 31 Mark II,1
FIAT G-212CP,1
Douglas DC-3 / Avro Anson,1
Douglas C-54A-1-DO Skymaster,1
Lockheed L-749 / Cessna 140,1
Avro 688 Tudor 4B,1
Douglas DC-3 (C-47A-DL),1
Douglas DC-3DST,1
Douglas C-54B-5-DO,1
Lockheed 10A Electra,1
Lockheed 049-46-25 Constellation,1
Ilyushin Il12,1
Short Sandringham 6 (flying boat),1
Douglas DC-3 (Douglas C-47A-10-DK),1
Avro 691 Lancastrian (flying boat),1
Short Sandringham 2 (flying boat),1
Consolidated OA-10 Catalina,1
Douglas DC-6 / RAF York,1
Fiat G.212CP,1
PBY Catalina,1
Sikorsky S43 (flying boat),1
Junkers JU86 Z-2,1
de Havilland DH.89 Dragon Rapide,1
CMASA Wal,1
Loening C-2C,1
Short Calcutta (flying boat),1
Latecoere 25-3-R,1
de Havilland DH-66 Hercules,1
Fokker FG II,1
Kalinin K-4,1
Lockheed 5 Vega,1
Domier Delphin III (flying boat),1
Fokker F-X,1
Cams 53,1
Fokker F-III,1
Ford 5-AT-B Tri-Motor / B-PW-9D,1
Fokker F-VIIA,1
Blériot Spad 66,1
Savoia Marchetti S55,1
Junkers G-31,1
Hamilton H-47,1
Bleriot Spad 56,1
Fokker Super Universal,1
de Havilland DH.50J,1
Bleriot Spad 33,1
Fokker (KLM) F.III,1
Vickers 74 Vulcan,1
AEGK,1
Ford 4,1
Rohrbach Roland,1
Latécoère 23 (flying boat),1
Farman F-121 Jabiru,1
Liore et Olivier 190,1
Stearman M-2 Speedmail,1
Junkers G-23,1
Fokker F10A Trimotor,1
Northrop Alpha 3,1
Fokker F-10A,1
Fairchild,1
Stinson SM-2A,1
CAMS 56,1
Fokker F-VIIb-3M,1
De Havilland DH.80,1
Heinkel HE-2,1
Fokker F-VIIb-3m,1
Lasco Lascowl,1
Lockheed Vega 2,1
Fokker F-VIIB,1
Messerschmitt M-20,1
Fokker Universal F-14,1
Douglas M-3,1
Desoutter II,1
Loening C-W Air Yaht,1
Handley Page W-8,1
Messerschmitt M-20B,1
Royal Airship Works R-101,1
Sabca F-VII,1
Junkers F-13ge,1
Ford Tri-Motor 5,1
Farman F-63,1
Travel Air A6000A,1
Farman 190,1
Travel Air B6000,1
Arado V1,1
Fokker Universal,1
Fokker F-VIII,1
SPCA Meteore 63,1
Zeppelin L-43 (airship),1
Armstrong-Whitworth F-K-8,1
Farman F-40,1
Curtiss JN-4H,1
de Havilland DH-4,1
De Havilland DH.4,1
Caproni Ca.48,1
FD Type Dirigible,1
Zeppelin L-53 (airship),1
Zeppelin L-70 (airship),1
Zeppelin L-59 (airship),1
Zeppelin L-44 (airship),1
Zeppelin L-23 (airship),1
Zepplin L-48 (air ship),1
Zeppelin L-22 (airship),1
SwallowSwallow,1
Schutte-Lanz S-L-9 (airship),1
Airship,1
Zeppelin L-34 (airship),1
Super Zeppelin (airship),1
Zeppelin L-31 (airship),1
Zeppelin L-32 (airship),1
Schutte-Lanz S-L-10 (airship),1
Zeppelin L-10 (airship),1
Zeppelin L-8 (airship),1
Zeppelin L-2 (airship),1
Zeppelin L-1 (airship),1
Curtiss seaplane,1
Dirigible,1
Junkers JL-6,1
Salmson 2-A-2,1
Handley Page HP-16,1
Avro 504,1
de Havilland DH-9C,1
Ryan M-1,1
Sikorsky S-25,1
Caudron C-61,1
Curtiss Carrier Pigeon,1
Spad 33,1
Dirigible ZR-1 Shenandoah (airship),1
Lioré-et-Olivier LeO H-13,1
Fokker (KLM)  F.III,1
de Havilland DH-34B,1
Fokker F.III,1
Zeppelin Dixmunde (airship),1
de Havilland DH-34,1
Blériot Spad 46,1
Farman F.60 Goliath,1
Lioré-et-Olivier H-13,1
de Havilland DH-9,1
Potez 29,1
LVG C VI,1
Bleriot Spad 27,1
de Havilland DH-18 / Farman F-60 Goliath,1
Aeromarine Model 85 (flying boat),1
Dirigible Roma (airship),1
Handley Page O/10,1
Bristol 28 Tourer,1
Royal Airship Works ZR-2 (airship),1
De Havilland DH-4De Havilland DH-4,1
Farman F-190,1
Fokker F-10,1
Koolhoven FK.43,1
Latécoère 300 (float plane.,1
Wibault 283-T12,1
Lockhed 10 Electra,1
Heinkel He-111,1
Dewoitine D-333,1
Short Empire flying boat,1
Stinson SR-7 Reliant,1
Douglas DC-2-115L,1
Sirkorsky S-43 (flying boat),1
Zeppelin LZ-129,1
Short  S-23 (flying boat),1
Heinkel He-111V2,1
Sabca S-73,1
Douglas DC-2-115E,1
Antonov AN-9,1
Stinson Reliant SR-9,1
Fokker F-XII,1
Blackburn B-2,1
Lockheed  5 Vega,1
Boulton and Paul P-71,1
CRDA CANT Z-506,1
Stinson SM 6000B,1
De Havilland DH-86,1
Lockheed 10B Electra,1
Lockheed 9 Orion,1
Wibault 280,1
Saro A-19 Cloud,1
Spartan Cruiser,1
Junkers JU-160,1
Junkers JU-38,1
Consolidated PBY-2 / Consolidated PBY-2,1
De Havilland DH-80,1
De Havilland DH-84,1
Curtiss-Wright C-14 Osprey,1
Caudron C.635 Simoun,1
Boeing 307 Stratoliner,1
Junkers JU-86,1
Fairchild 71(amphibious),1
Lockheed 14-H Super Electra,1
Short S23 ‘C’ Class flying boat,1
Lockheed 14-WF62 Super Electra,1
Nakajima A-T2,1
Douglas DC 3-A-SB-3-G-14,1
Junkers JU90V2,1
Savbia-Marchetti  S-73P,1
Dornier DO.18 (float plane),1
Ford Tri-motor,1
V6 (airship),1
Unknown / Unknown,1
Macchi C-94,1
Douglas DF-151,1
Ford Tri-motor F-VIII,1
Armstrong-Withworth Atlanta,1
Savoia Marchetti S-66,1
De Havilland DH-85,1
Heinkel 116,1
Fairchild 51,1
Lockheed Vega 5B,1
Junkers JU.52,1
Cant Z-506,1
Lioré-et-Olivier H-242,1
De Havilland DH-60 Moth,1
General Aviation GA-43,1
OFM F-VIIb/3m,1
Farman F-301,1
de Havilland DH-50A,1
de havilland 89 Dragon Rapide,1
Stinson  SM-6000B,1
Curtiss Condor T-32,1
Wibault 282T,1
Sikorsky S-38BB,1
Sikorsky S-38 Flying Boat,1
Latécoère 28,1
Breguet 280T,1
Dewoitine D-332,1
Focke-Wulf A-17,1
Kalinin K-7,1
Northrop Delta,1
Farman F-306,1
Sikorsky S-42A  Flying Boat,1
CMASA Wal (flying boat),1
Sikorsky S-38B (flying boat),1
Pitcairns PA-6,1
Latecoere 28-1,1
Cams 53-1,1
Goodyear-Zeppelin U.S.S. Akron (airship),1
Armstrong Whitworth Argosy II,1
Fairchild FC-2W,1
Ford 5-AT-D,1
Curtiss Condor 18,1
Ford 5,1
Junkers W-33,1
Ford Tri-motor 5,1
De Havilland DH-61,1
Stinson SM-6000-B,1
Ford 4-AT-E Tri-motor,1
Douglas DC-2-115A,1
Ford 5-AT-D Tri-Motor,1
Dormier Do-J-Iif Bos Wal flying boat,1
Latecoere 301 (flying boat),1
Vultee V-1,1
Douglas DC-2-120,1
Short S-8 Calcutta flying boat,1
Caudron C-630 Simoun,1
Latécoère 28-1,1
Boeing B-247-D,1
Ford Tri-Motor,1
"Waco, model YLC",1
Lockheed Orion 9E Explorer float plane,1
Savoia-Marchetti S-66,1
General 102-E,1
Ford Tri-Motor / Ford Tri-Motor,1
Stinson SM6000B Tri-motor,1
Boeing 221,1
Ford model 4-AT-E,1
Tupolev ANT-20 / I-5,1
Fokker F-12,1
Farman F-300,1
de Havilland Dragon 1,1
Rochrbach Roland,1
Goodyear-Zeppelin U.S.S. Macon (airship),1
Consolidated Fleetster,1
Wapiti,1
Lockheed Orion 9D,1
Douglas C-124A Globemaster II,1
Fairchild R4Q-2,1
Lockheed L- 749A Constellation,1
Boeing Vertol CH47B (helicopter),1
Aero Commander 680E,1
Curtiss C-46A-55-CK,1
Beechcraft C35,1
Antonov An-10,1
Boeing B-720-047B,1
Nord 262A-34,1
Boeing B-707-323 / Cessna 150,1
Nord 262E,1
Boeing B-727-2A7,1
BAC One-Eleven  424EU,1
Aero Commander 500-B,1
Douglas DC-3-DST,1
Fokker F-27 Friendship 300,1
NAMC YS-11A-219,1
Boeing - EC-135N,1
McDonnell Douglas DC-8-63AF,1
McDonnell Douglas DC-8-63,1
Gates Learjet 23,1
McDonnell Douglas DC-9-33CF,1
Hawker Siddeley HS-748-209,1
Aerospatiale Caravelle 3,1
Piper PA-32,1
Lockheed EC-121P,1
Handley Page Jetstream 1,1
Convair CV-990-30A-6,1
Hawker Siddeley HS-748 1,1
De Havilland Dove,1
Ilyushin 14P,1
McDonnell Douglas DC-9-31 / F4-B,1
NAMC YS-11A-227,1
NAMC YS-11A-202,1
BAC Super VC-10 1154,1
Fairchild-Hiller FH-227D/LCD,1
Douglas C-54D-1-DC,1
F-86 Sabrejet,1
Shorts SC-7 Skyvan 3-300,1
de Havilland Canada DHC-4 Caribou,1
Douglas DC-3 (C-47A-DK),1
Sud-Aviation SE210 Caravelle,1
McDonnell Douglas DC-8-52,1
Boeing 737-200,1
Convair CV-580/De Hav. Twin Otter 100,1
Hawker Siddeley Trident 1C,1
Convair CV-880-22M-21,1
Pilatus PC6CH2,1
Wright Byplane,1
Boeing B-727-281 / Air Force F86F,1
Aerospatiale Caravelle Super 10B,1
Fairchild-Hiller FH-227-B,1
Sud-Aviation Caravelle VI-R,1
Hawker Siddeley HS-748-230 Srs. 2A,1
HAL-748-224 Srs.2,1
Douglas DC-9-31 /Cessna 206,1
Boeing Vertol CH-47C,1
Vickers Viscount 828,1
Lockheed C-130K Hercules,1
Beechcraft B99,1
Antonov An-14,1
Boeing B-727-193,1
Boeing Vertol CH-47A (helicopter),1
Antonov An-12PL,1
Lockheed 18-08 Lodestar,1
Boeing B-707-328B,1
Boeing B-707-328C,1
Convair CV-340-68B,1
Airspeed AS.57 Ambassador 2,1
Bell UH-1H / Bell UH-1H / Bell UH-1H,1
Piaggio PD-808,1
Lockheed L188A Electra,1
Lockheed Martin L-100-10,1
Boeing B-707-344C,1
Bell UH-1H / Bell UH-1H (helicopter),1
Boeing B-707-465,1
MiG-15 UTI,1
McDonnell Douglas DC-9 and Cessna 150F,1
Vickers Viscount 803,1
Douglas DC6B,1
Boeing B-727-92C,1
BAC VC-10-1101,1
Boeing B-707-138B,1
Douglas C-54P,1
Sikorsky CH-53A (helicopter),1
Beechcraft 18H,1
Douglas DC-C-54A,1
Convair CV-880-22-1,1
Boeing B-707-131,1
Convair CV-880-22M-3,1
Sud Aviation Caravelle 10R,1
Handley Page HPR-7 Herald 214,1
Lockheed C130B,1
Boeing B-727-22 / Cessna 310,1
Bell UH-1B / Sikorsky CH53A helicopters,1
Boeing 707-329C,1
Curtiss C-46C,1
McDonnell Douglas DC-8,1
Convair CV-580 / Cessna 150,1
Antonov An-12TB,1
Grumman C-2A,1
Boeing C-97,1
Douglas DC-4 / USAF F-4E,1
Convair CV-640,1
MD Douglas DC-9-31/Piper Cherokee PA-28,1
Cessna 172H,1
Pilatus Pc-6C,1
Boeing 707-331C,1
Sud Aviation SE-210 Caravelle 6N,1
De Havilland DH-104 Dove,1
Beechcraft B-99,1
Ilyushin IL-14M / Antonov An-12BP,1
Lockheed EC-121M,1
Boeing Vertol CH47C (helicopter),1
de Havilland DHC-6,1
Handley Page Dart Herald 201,1
Boeing B-727-22QC,1
Boeing B-727-113C,1
Fairchild-Hiller FH227C,1
Douglas C-47A-25,1
Avia 14-40,1
Britten-Norman BN-2 Islander,1
Sud-Aviation Caravelle 3,1
Cessna 402 / Piper PA-28,1
Hawker Siddeley HS-748-215-2,1
Vickers Viscount 739A,1
Cessna 310C,1
Vickers Viscount 724,1
Douglas DC-3A-197D,1
Embraer C-95 Bandeirante,1
Boeing B-727-282,1
Boeing 707-360C,1
Britten-Norman BN-2A-8 Trislander,1
Sikorksky CH-53 (helicopter),1
Convair CV-300,1
McDonnell Douglas DC-8-62H,1
Boeing - EC-135K,1
Douglas DC-7BF,1
Vickers Viscount 764D,1
Canadair CL-44D4-2,1
Shorts SC-7 Skyvan 3-200,1
Bell 206B JetRanger,1
Lockheed EC-130Q,1
Sikorsky S61L,1
SNIAS SA330J,1
Douglas DC-3-3A,1
Boeing B-747-121 / Boeing B-747-206B,1
Avia 14T,1
Vickers Viscount 838,1
Douglas DC-8,1
Boeing B-707-366C,1
NAMC YS-11A-500,1
Boeing B-707-31,1
McDonnell Douglas DC-9-31 / Trident 3B,1
Antonov AN-24 / Yakovlev Yak-40,1
Hughes 369HS,1
Sud Aviation SE 210 Caravelle III,1
Douglas C-54E,1
BAC One-Eleven 420EL,1
Aerospatiale Caravelle 10R,1
Beech G18S,1
Antonov AN-24N,1
Tupolev TU-134A / Tupolev Tu-134A,1
Hindustan Aeronautics 748 2-224,1
LET 410M turbojet,1
Cessna  501 Citation,1
Hawker Siddeley HS-748-1,1
Hindustan Aeronautics 748-2M,1
de Havilland DHC-6-200,1
Sikorsky S61-L,1
Boeing B-727-2D3,1
Aerospatiale Nord 262A-33,1
Beech BE-70,1
Nord 262,1
Boeing B-707-326C,1
Cessna 421 Golden Eagle,1
Vickers Viscount 764 D,1
McDonnell Douglas DC-8-Super 63CF,1
Bell 205-1,1
Douglas R6D-1 (DC-6),1
Boeing B-727-214 / Cessna 172,1
Soloy 12EJ3,1
Vickers Viscount 782D,1
de havilland Canada Twin Otter 200,1
Beech Queen Air A80,1
Cessna T207A,1
British Aerospace 748 2A,1
Fokker F-28 Fellowship 1000 / MiG-21,1
Aero Commander 500A,1
Boeing B-737-275,1
Boeing 707-373,1
Ilyushin IL-18L,1
Airbus A300,1
Aerospatiale Caravelle 6N,1
Boeing B-747-130,1
Douglas C-47A-30,1
Antonov An-2 / Mil Mi-8T,1
Beechcraft 95-B55,1
Boeing B-727-121C,1
Fairchild Hiller FH1100,1
Boeing 307B-1 Stratoliner,1
Aerospatiale Caravelle 10B3,1
Mc Donnell Dougals DC-9,1
Hawker Siddeley HS 748-260,1
Boeing Vertol CH-47 (helilcopter),1
Handley Page HPR-7 Herald 101,1
Convair 600,1
Norman BN-2A-6,1
GAF Nomad N-22B,1
Sud-Aviation Caravelle 10-R,1
Volpar C45G,1
Boeing B-707-345C,1
Tupolev TU-124V,1
Tupolev TU-144,1
Lockheed P-3C / Convair CV-990-30A-5,1
Vickers Vanguard 952,1
HAL-748-224,1
MD Douglas DC-9-32/Convair CV-990A,1
Boeing B-707-3D3C,1
Lockheed L-1011 TriStar 1,1
Convair CV-880 / McDonnell DC-9-31,1
Convair CV-990-30A-5 Coronado,1
Boeing B-727-251,1
Antonov An-2 / Antonov An-12,1
de Hav Can. DHC-6 Tw Otter 100/ Cessna,1
Douglas DC-3-313,1
Tupolev TU-154A,1
BAC One-Eleven 527FK,1
Boeing B-747-131F,1
Boeing B-727-95,1
Bell 205 A-1 helicopter,1
Cessna 207,1
Ilyushin IL-18E,1
IAI Arava 201,1
Ilyushin II-14P,1
Grumman G-21A seaplane,1
Hawker Siddeley HS-748-246,1
Lear Jet 24A,1
Boeing B-720B-023B,1
Mitsubishi MU-2B,1
Piper PA-23-250 Aztec,1
Convair CV-440-12,1
de Havilland DH114 Heron 2E,1
Yakovlev Yak-40,1
Boeing 727-24C,1
Vickers 837 Viscount,1
Boeing B-727-225,1
Hawker Siddeley HS-748-235 Srs. 2A,1
BAC One-Eleven 524FF,1
Sikorsky CH-53C (helicopter),1
Lockheed C-5A Galaxy,1
Canadair CL-44,1
Transall C-160,1
BAC One Eleven 204AF,1
de Havilland DH-104 / Piper PA-28,1
Convair B-36,1
Convair CV-440-59,1
Avro 688,1
Lockheed L 1049G Super Constillation,1
Saab Scandia,1
Bristol 175 Britannia 312,1
Martin Mariner,1
Vickers Viscount 755D,1
Vickers Viscount 701C,1
Fairchild C-123 Provider,1
Boeing B-52 / Boeing B-52,1
Curtiss C-46A-CU,1
Vickers 621 Viking 1,1
Lockheed C-130A-II Hercules,1
Tupolev TU-104-A,1
Vickers Viscount 745D / T-33A,1
Lockheed  188A Electra,1
Douglas DC-7 / F-100F,1
Douglas C-124C / Fairchild C-119C,1
Douglas DC-7-C,1
Fairchild R4Q / Dougas AD-6 skyraider,1
Consolidated PBY-5A  Catalina,1
Douglas VC-47A,1
Airspeed Ambassador AS-57,1
Douglas C-118A / Lockheed P2V-5F,1
Short Solent 3 (flying boat),1
Boeing - 377-10-29 Stratocruiser,1
Ilushin Il-14,1
Let Aero 45S,1
Douglas C-47A-90 (DC-3),1
Beechcraft Bonanza 35,1
Vickers Viscount 794D,1
MD DC-8-11 / Lockheed  1049 S Const,1
Goodyear ZPG-3W (airship),1
Curtiss C-46A-60-CK,1
Ilyushin 14M,1
Douglas C-54A-DC,1
Tupolev Tu-104A,1
de Havilland DH-114 Heron 2,1
Vickers Viscount 739B,1
Douglas DC-3 (C-53-DO),1
Douglas DC-6AB,1
Lockheed 1049G Super Constellation,1
Avro Lancaster 1,1
Sikorsky S-58C helicopter,1
Ilushin IL-14,1
de Havilland DH-89 Dragon Rapide,1
Convair CV-340-62,1
Vickers Viscount 763,1
Lockheed 749A-79-32 Constellation,1
Fairchild F-27 / Cessna 310,1
Antonov 10A,1
Douglas DC-3 / USN R4-D6,1
Sud Aviation Caravelle 1,1
de Havilland Canada U-1A Otter,1
Vickers Viscount 827 / Fokker T-21,1
Aero Commander AC 520,1
Saab Scandia 90A-1,1
de Havilland DH-106 Comet 4,1
Vickers 815 Viscount,1
North American F-100D-25NA,1
Avro 688 Super Trader,1
Lockheed 1049C Super Constellation,1
Lockheed L-414 Hudson,1
L-Hudson,1
Vickers 634 Viking,1
Fairchild C119G / Fairchild C119G,1
Convair CV-340-32,1
Douglas R6D-1 (C-118B),1
de Havilland DH.104 Dove,1
Consolidated PBY-5 Catalina,1
Grumman G-73 Mallard,1
Martin 202A / DC-3,1
Avro Shackleton M-2 / Avro Shakleton M-2,1
Douglas C47,1
Boeing B377-10-28 Stratocruiser,1
Vickers 720 Viscount,1
Lockheed R7V-1,1
Ilyushin IL -12,1
Lockheed 1049C-55-81 S Constellation,1
Ilyushin P-14,1
Lockheed 749A-79 Constellation,1
Lockheed C-28,1
Douglas C-47A-30-DK,1
Canadair C-4-1 Northstar / Harvard Mark II,1
Fairchild C-110F,1
Lockheed 749A-79-33 Constellation,1
C-46,1
Curtiss-Wright C46D-CU,1
F-88 Sabre Jet,1
Vickers Valetta,1
VC-Viking,1
Douglas C-46A-CU ( DC-3),1
Convair CV-240-12,1
Douglas MC-54M,1
Douglas C124-DL Globemaster II,1
Boeing RB-52B,1
Lockheed 749C-79-12 Constellation,1
Lockheed Super Constellation,1
Vickers Valetta C-Mk.1,1
Consolidated B-24J,1
Boeing C-97C,1
Douglas C-47-A-75-DL Skytrain,1
Vickers Viscount 701,1
Blackburn Beverley C Mark 1,1
Curtiss C-46D-15--CU,1
Douglas DC-7B / U.S. Air Force F-89J,1
SNCASE SE.2010 Armagnac,1
Lockheed C-121C Super Constellation,1
Vickers 708 Viscount,1
Canadair DC-4M-2 Northstar,1
Lockheed 749-79-34 Constellation,1
Ilyushin IL-12B,1
Handley Page HP-1 Hermes,1
Boeing  377 Stratocruiser,1
Douglas C188-B,1
Stinson AT-19,1
Douglas DC-3 / Cessna 170B,1
Vickers Viscount,1
Douglas DC-7 / Lockheed S Constellation,1
Lockheed 1049E-55 Super Constellation,1
CF-100 Mark 4B,1
Aero Commander  520,1
Boeing 377 Stratocruiser 10-30,1
Douglas R5D2,1
Avro 691 Lancastrian IV,1
Convair C-131D (CV-340-79),1
McDonnell Douglas DC-8-51,1
Handley Page Hastings C Mark 1,1
Boeing B-707-131B / L1049C Constellation,1
Douglas C-53-DO (DC-3A),1
Boeing B-727-23,1
Boeing 307 Stratoliner B-1,1
Douglas DC-3 / Piper PA-18A,1
Beechcraft C-45H,1
Boeing B-707-121B,1
Transportes Aéreos Orientales,1
Aero Commander 680,1
Lockheed KC-130F,1
Vickers 804 Viscount,1
de Havilland 106A,1
EC-121H (Super Constellation),1
Boeing C-135A,1
DC3(C47),1
Bell UH-1D / Bell UH1D (helicopters),1
Boeing B-720-040B,1
Lockheed 1049G-55 Super Constellation,1
Handley Page Dart Herald 207,1
Canadair CP-107 MK-2,1
Douglas DC--3,1
Handley Page HPR-7 Herald 211,1
Tupolev Tu-124V,1
Curtis C-46A,1
Boeing B-707-331,1
Lockheed P-3A,1
Beechcraft C45G,1
Douglas A-3D Skywarrior,1
Fairchild C-123C,1
Douglas DC-6-54B,1
Ilyushin IL-18A,1
de Havilland Canada CV-2B Caribou,1
Vickers Viscount 818,1
Douglas C-47J,1
MD Douglas DC-9-15 / Beechcraft Baron-55,1
AT L98 Carvair,1
Canadair CL-44D4-1,1
Douglas C-47A-80-DL,1
Lockheed L-1649A Starliner,1
Tupolev TU-114B,1
Consolidated  PBY-5A Catalina,1
Boeing 727-21,1
NAMC-YS-11-111,1
Lockheed EC-121H,1
Bell 204B helicopter,1
Vickers Viscount 832,1
Boeing B52 Stratofortress/Boeing KC 135A,1
Sud Aviation SE-210 Caravelle,1
Bristol Britannia 102,1
Chance Vought F-8E,1
Beechcraft H50,1
de Havilland 104-6A,1
Douglas DC-8-52,1
Curtis C-46E-1-CS Commando,1
Boeing CH47A (helicopter),1
Grumman G-21A,1
Boeing B-707-436,1
Tupolev Tu-114,1
Convair CV-440-0,1
Fairchild C-123B,1
Lockheed L-749A-79 Constellation,1
Vickers Viscount 710C,1
Beechcraft 35-B33 Debonair,1
Tupolev Tu-104B,1
Boeing B307-1 Stratoliner,1
Channel Air Bridge,1
KB-50,1
Vickers Viscount 804,1
Boeing B-707-441,1
Saab Scandia / Cessna 310,1
Vickers 828 Viscount,1
Convair CV-340/440,1
Convair CV-440 -62,1
Lockheed 1049H-82 Super Constellation,1
Douglas C-47 Skytrain,1
Lockheed P2V-7,1
Bristol Britannia 314,1
Lockheed C121J,1
Boeing 720,1
Consolidated Catalina,1
Douglas C-47A-1,1
Fairchild C-119G / Fairchild C-119,1
Boeing 720-030B,1
Aero Commander 680F,1
Lockheed 188C  Electra,1
Douglas C-47A (DC-3),1
Vickers Viking 3B,1
McDonnell Douglas DC-8-12,1
Douglas C-124A-DL,1
C-47(DC-3),1
Boeing B-707-320,1
Douglas C-118A Liftmaster,1
Beechcraft AT-11 Kansan,1
Vickers Viscount 754D / Douglas C-47,1
Boeing B-720-051B,1
Twin Apache,1
Caravelle VIR,1
Curtiss C-46-CU,1
Boeing C-135B,1
Lockheed P-2E Neptune,1
Fairchild C-119G / Fairchild C-119G,1
Sud Aviation Caravelle 3,1
Piper PA-23,1
Bristol Britannia 312,1
Beech D18S,1
Boeing B-707-121,1
Curtis C-46A-20-CU,1
McDonnell Douglas DC-8F-54F,1
BAC One-Eleven 200AB,1
Boeing Vetrol 107 II helicopter,1
Douglas C-74,1
Douglas C-133A,1
Vickers Viscount 768D,1
Boeing KC-135A / Boeing KC-135A,1
Ilyushin Il-14P,1
Vickers Viscount 708,1
Catalina Flying Boat,1
VEB 14P,1
Convair CV-340-59,1
Vickers Viscount 759D,1
H-21B,1
Avro 685 York C1,1
Piper PA-24-250 Comanche,1
Antonov An 26B-100,1
