,OperadOR
Aeroflot,253
Military - U.S. Air Force,141
Air France,74
Deutsche Lufthansa,63
United Air Lines,44
China National Aviation Corporation,43
Military - U.S. Army Air Forces,43
Pan American World Airways,41
American Airlines,37
US Aerial Mail Service,35
KLM Royal Dutch Airlines,34
Indian Airlines,34
Philippine Air Lines,33
Military - Royal Air Force,32
Private,31
Military - U.S. Navy,30
British Overseas Airways,29
Military - U.S. Army,27
Northwest Orient Airlines,25
Eastern Air Lines,25
Sabena,24
Aeropostale,24
AVIANCA,24
Imperial Airways,23
Military -Royal Air Force,22
VASP,20
British European Airways,19
Trans Continental and Western Air,18
Garuda Indonesia Airlines,18
Merpati Nusantara Airlines,18
Varig,17
Trans World Airlines,17
Mexicana,16
Pakistan International Airlines,16
Military - Russian Air Force,15
Ceskoslovenske Aerolinie,15
Military - Afghan Republican Air Force,15
Military - German Navy,15
Ethiopian Airlines,15
Military - Indian Air Force,15
Cruzeiro,14
Cubana de Aviacion,14
China Airlines (Taiwan),14
Linea Aeropostal Venezolana,14
Aerolineas Argentinas,13
Qantas,13
Turkish Airlines (THY),13
Panair do Brasil,12
LOT Polish Airlines,12
Military - U.S. Marine Corps,12
Iberia Airlines,12
Delta Air Lines,12
Burma Airways,11
Military - Soviet Air Force,11
Military - Royal Australian Air Force,11
Air Union,11
Swissair,11
Canadian Pacific Air Lines,11
Tarom,11
Air Vietnam (South Vietnam),11
Flying Tiger Line,11
United Arab Airlines,10
Balkan Bulgarian Airlines,10
Braniff Airlines,10
Korean Airlines,10
Faucett,10
?,10
Military - Brazilian Air Force,10
TACA,10
Air India,10
Japan Air Lines,9
Lloyd Aereo Boliviano,9
British Airways,9
Alaska Airlines,9
Air America,9
Western Airlines,9
SATENA,9
American Airways,9
Continental Airlines,9
Alitalia,9
Grands Express Aeriens,9
National Air Transport,9
Ariana Afghan Airlines,8
Military - Philippine Air Force,8
Military - US Air Force,8
Royal Nepal Airlines,8
National Airlines,8
CAAC,8
Iran Air,8
JAT Yugoslav Airlines,8
Military - French Air Force,8
REAL,8
Varney Air Lines,8
Lufthansa,8
Australian National Airways,8
Ala Littoria,7
Malev Hungarian Airlines,7
Avensa,7
Kalinga Airlines,7
Trans Canada Air Lines,7
Thai Airways,7
Aviaco,7
Capital Airlines,7
Military - Angolan Air Force,7
Misrair,7
Military - Sri Lanka Air Force,7
Military - Indonesian Air Force,7
EgyptAir,7
CIDNA,7
Aviateca,6
Pacific Air Transport,6
Allegheny Airlines,6
British South American Airways,6
Colonial Air Transport,6
TAM (Brazil),6
Far Eastern Air Transport,6
Military - Royal Canadian Air Force,6
Saudi Arabian Airlines,6
Air Algerie,6
South African Airways,6
TAME,6
Boeing Air Transport,6
Aigle Azur,6
Scandinavian Airlines (SAS),6
Military - Pakistan Air Force,6
Military - US Navy,6
Air Canada,6
Slick Airways,6
All Nippon Airways,6
TAM (Bolivia),6
TAAG Angola Airlines,5
Air Orient,5
Fuerza Aérea del Peru,5
Cathay Pacific Airways,5
Military - Iranian Air Force,5
Transocean Air Lines,5
Syndicato Condor,5
LANSA,5
New Zealand National Airways,5
Civil Air Transport,5
Trigana Air Service,5
Linee Aeree Italiane,5
Aerosucre Colombia,5
BOAC,5
Sudan Airways,5
Pelita Air Service,5
Military - Vietnamese Air Force,5
Military - Chinese Air Force,5
Military - Royal Thai Air Force,5
LAN,5
MIAT - Mongolian Airlines,5
Northeast Airlines,5
Formosa Airlines,5
Pan American Airways,5
Aero Transporti Italiani,5
Austral Lineas Aeras (Argentina),5
Pacific Western Airlines,4
Military - Nicaraguan Air Force,4
Malaysia Airlines,4
TABA,4
Dan Air Services,4
Union of Burma Airways,4
Pan American Grace Airways,4
Pennsylvania Central Airlines,4
Wideroe's Flyveselksap,4
Aeromexico,4
Military - Ethiopian Air Force,4
Cameroon Airlines,4
Loganair,4
Military - Argentine Air Force,4
Alia Royal Jordanian Airlines,4
LATI,4
Itavia,4
Middle East Airlines,4
Military - German Army,4
Interflug,4
Dirgantara Air Services,4
Nigeria Airways,4
Military - Mexican Air Force,4
Spantax,4
Aero O-Y,4
AB Aerotransport,4
Talair,4
Olympic Airways,4
Petroleum Helicopter,4
SAETA,4
Pacific Coastal Airlines,4
Aeroput,4
Deccan Airways,4
Indian Air Force,4
China Eastern Airlines,4
Devlet Hava Yollari,4
Military - Egyptian Air Force,4
Loide Aéreo Nacional,4
Mohawk Airlines,4
Aeronaves de Mexico,4
Trans Mediterranean Airways,4
Ansett ANA,4
USAir,4
Latecoere Airlines,4
Myanmar Airways,4
American Eagle,4
New York Airways,3
ACES Colombia,3
Military - Nigerian Air Force,3
Zantop Air Transport,3
Military - Ukraine Air Force,3
El Al,3
Air Manila,3
Yeti Airlines,3
Nordeste Linhas Aéreas,3
Maritime Central Airways,3
Military - Zairean Air Force,3
Aeroflot / Aeroflot,3
Fuerza Aérea Argentina,3
Lion Air,3
Bristow Helicopters,3
Transbrasil,3
Air New Zealand,3
Piedmont Airlines,3
Aeropesca Colombia,3
Military - Russian Navy,3
West Coast Airlines,3
Military - Sudan Air Force,3
AIRES Colombia,3
Comair,3
Aeronica,3
Aerolineas TAO,3
Military - French Naval Aviation,3
Scottish Airlines,3
Indamer,3
Union Aeromaritime de Transport,3
Milne Bay Air,3
Lanica,3
SELVA,3
Military - Algerian Air Force,3
Military - Republic of China Air Force,3
Union des Transportes Aeriens,3
Central Mountain Air Services,3
Taiwan Airlines,3
Air Inter,3
SCADTA,3
Sahsa Airlines,3
Trans Australia Airlines,3
Cambodia Air,3
Azerbaijan Airlines,3
TAM Lineas Aéreas Regional,3
Flota Aérea Mercante Argentina,3
Icelandair,3
Bakhtar Afghan Airlines,3
Lignes Aeriennes Latecoere,3
Lloyd Aéreo Boliviano,3
Central African Airways,3
Aaxico Airlines,3
World Airways,3
Air Madagascar,3
Aerotaca,3
Missionary Aviation Fellowship,3
Military - Peruvian Air Force,3
KNILM,3
MAP,3
Somali Airlines,3
Prinair,3
Western Air Express,3
Air Littoral,3
Military - Islamic Republic of Iran Air Force,3
Panagra,3
Atlantic Southeast Airlines,3
Avianca,3
Royal Air Maroc,3
Continental Air Lines,3
Ala Littoria SA,3
Guinea Airways,3
Southwest Airlines,3
Avio Linee Italiane,3
Tajikistan Airlines,3
Deruluft,3
Asiana Airlines,3
Transportes Aéreos Mexicanos,2
Aereo el Venado,2
Taxader Airlines,2
Aerovias Contreras,2
Rapid Air Transport,2
Solomon Islands Airlines,2
Southern Airways,2
Holymans Airways,2
Military - Japan Maritime Self Defense Force,2
Orient Airways,2
First Air,2
Military - South African Air Force,2
Military - Congolese Air Force,2
Afghan Army,2
Las Vegas Airlines,2
Savanair,2
Ceskoslovenské Aerolinie,2
Air Rhodesia,2
Air Freight New Zealand,2
Malu Aviation,2
Airborne Express,2
Tracep,2
Saturn Airways,2
Martinair Holland NV,2
Autrex,2
Boeing Aircraft Company,2
Military - Union of Burma Air Force,2
Aerolineas Abaroa,2
Pan American Grace Airlines,2
Syrian Airways,2
Universal Jet Aviation,2
SAM Colombia,2
United Nations,2
China Southwest Airlines,2
VOTEC,2
Military - Polish Air Force,2
Air Afrique,2
Transair Georgia Airlines,2
Merpati Nasantara Airlines,2
Bouraq Indonesia Airlines,2
Loide Aereo Nacional,2
Sociedad Aeronautica Medellin,2
Military - Chilean Air Force,2
Hunting Air Travel,2
Handley Page Transport,2
Military - Royal Saudi Air Force,2
Hewa Bora Airways,2
Military - Portuguese Air Force,2
Mandala Airlines,2
Miami Airlines,2
Aer Lingus,2
Military - Mauritanian Air Force,2
Military - U.S. Air Force / U.S. Air Force,2
Karibu Airways,2
Jamair,2
Air Nautic,2
Kodiak Airways,2
Saha Airline Services,2
Ukraine Air Alliance,2
Chicago and Southern Airlines,2
Douglas Airways,2
Aeronorte Colombia,2
Private charter,2
Military - Sudanese Air Force,2
Jersey Airways,2
Cubana de Aviacon,2
Juba Air Cargo,2
ADES Colombia,2
FedEx,2
Tigres Voladores,2
ATI,2
Military - Myanmar Air Force,2
Air Charter,2
Philippine Aerotransport,2
Trans Continental Air Transport,2
Alyemda,2
Capitol Airways,2
AirNow,2
Yemen Airlines,2
CORAL Colombia,2
Finnair,2
Paraense Transportes Aéreos,2
TAME Ecuador,2
ADC Airlines,2
AREA,2
Union Airways,2
Braniff Airways,2
Military - U.S. Marine Corps/Military - U.S. Marine Corps,2
Military - Zambian Air Force,2
Skyways,2
Austin Airways,2
Military - Royal Belgian Air Force,2
Grand Canyon Airlines,2
Sabah Air,2
Jett Paqueteria SA,2
LAC Colombia,2
Military - Spanish Air Force,2
Lineas Aéreas La Urraca,2
Wheeler Airlines,2
Pilgrim Airlines,2
Pacific Air Lines,2
Military - Italian Air Force,2
Military - Venezuelan Air Force,2
Polynesian Airlines,2
Western Canada Airways,2
Vanair,2
Bali International Air Service,2
Silver City Airways,2
West Caribbean Airways,2
Lineas Aereas Nacionales SA (Peru),2
Eastern Air Transport,2
Emery Worldwide,2
Wiggins Airways,2
Military - US Army,2
Service Air,2
Quebecair,2
Military - Iranian Revolutionary Guard Corps Air Force,2
Riddle Airlines,2
Air Cargo Carriers,2
Military - Azerbaijan Air Force,2
Aerocaribe,2
Military - U.S. Air Force / Military - U.S. Air Force,2
Military - Belgian Air Force,2
United Airways,2
Air Logistics,2
Associated Airways,2
East African Airways,2
Military - United States Navy,2
Cordova Airlines,2
United Air Lines / Trans World Airlines,2
Braathens,2
Military - Honduran Air Force,2
Island Airways,2
Hageland Aviation Services,2
Private Charter,2
Vayudoot,2
Military - United States Air Force,2
Eastern Provincial Airways,2
Pacific Western,2
Eagle Aviation,2
Transamerica Airlines,2
A B Aerotransport,2
Lineas Aereas del Estado,2
SATA,2
Vieques Air Link,2
Skypower Express Airways,2
Ameristar Jet Charter,2
Wien Consolidated Airlines,2
Piedmont Airlines / Private,2
Ameriflight,2
China Southern Airlines,2
Aerovias Brasil,2
Antilles Air,2
CNAC,2
Southwest Air,2
Aerolineas Centrales de Colombia,2
Kenya Airways,2
Satena,2
Vietnam Airlines,2
Pacific Southwest Airlines,2
Military - Venezuelan Army,2
Military - Pakistan Army,2
Military - Georgian Air Force,2
Agni Air,2
Servivensa,2
Aviastar Mandiri,2
Wuhan Airlines,2
Transafrik,2
Pan African Air Charter,2
Royal Air Lao,2
American International Airways,2
Provincetown - Boston Airlines,2
Aerolift,2
National Air Cargo,2
Yakutavia,2
Aden Airways,2
Colonial Western Airlines,2
Military - Imperial Iranian Air Force,2
Queensland Airlines,2
British Midland Airways,2
Military - U.S. Army / Military - U.S. Army,2
Military - Royal Jordanian Air Force,2
Uzbekistan Airways,2
Military - Royal Nepalese Air Force,2
Norwegian Airlines,2
Aero Service,2
Aeroperlas,2
Universal Airlines,2
Trans Service Airlift,2
Military - Mozambique Air Force,2
Air Transport,2
LARES,2
Gulf Air,2
Air Transport Charter,2
TAO,2
Air Mali,2
Air Guadeloupe,2
MK Airlines,2
TAESA,2
SATCO,2
Loftleidir Icelandic Airlines,2
Downeast Airlines,2
Agencia Interamericana de Aviada,2
Indian National Airlines,2
TAN,2
Skyways of London,2
Military - Republic of South Korea Air Force,2
Korean Air,2
Military - Bolivian Air Force,2
Sibir Airlines,2
Crossair,2
British Eagle International Airlines,2
Air Manitoba,2
Lao Aviation,2
Aerolineas Flecha Austral,2
Federal Express,2
China Northern Airlines,2
Sterling Airways,2
Aircraft Transport and Travel,2
DTA Angola Airlines,2
Sakha Airlines,2
Los Angeles Airways,2
Central Air Transport,2
Djibouti Airlines,2
Aerocon,2
Britannia Airways,2
Military - Royal British Navy,2
Airlines of Australia,2
New Tribes Mission,2
Military - United States Army Air Force,2
Lineas Aéreas Nacionales,2
Regina Cargo Airlines,2
Military - Turkish Air Force,2
Military - Royal Indian Air Force,2
Tara Air,2
Expresso Aéreo,2
Salair,2
SAVCO,2
Airfast Services,2
Iran Air Tours,2
Trans Guyana Airways,2
Frontier Airlines,2
Military - Venezuelan Navy,2
China Northwest Airlines,2
Sabang Merauke Raya Air Charter,2
Kamchatka Airlines,2
Egyptair,2
Military - U.S. Navy / Military - U.S. Navy,2
Air Atlas,2
Queen Charlotte Airlines,2
Military - U.S. Army Air Corps,2
Senegalair,2
Trans World Airlines / Private,2
Skyline Airways,2
Airlink,2
General Airways,2
Alas del Sur,1
Necon Air,1
ATI Aircompany,1
Air taxi - Lider Air Taxi,1
Air Taxi - Ohana Helicopter Tours,1
Si Fly - U.N. charter,1
Vologodskiye Airlines,1
Aramco Associated Company,1
Tashkent Aircraft Production Corporation,1
Patuxent Airways / Private,1
Asian Spirit,1
Staer Air,1
Air Memphis,1
Linea Aérea Mexicana de Carga,1
SUDENE,1
Military - Lao People's Liberation Army Air Force,1
Military - Fuerza Aérea Colombiana,1
Avisto,1
Ecuato Guineana de Aviacion,1
HiTech Helicopters,1
Norte Jet Táxi Aéreo,1
Greek Government,1
Military - Fuerza Aérea de Chile,1
Nuna Air,1
Air Taxi - US Helicopters Inc.,1
Propair,1
Ukraine Aviation Transport Company,1
Private - Omniflight Helicopters,1
"LAPA, Lineas Aereas Privadas Argentinas",1
Lionair,1
Military - Centrafricain Airlines,1
Executive Airlines,1
Whyalla Airlines,1
Air Karibu,1
Congo Airline,1
Minerva Airlines,1
Cabo Verde Airlines,1
Bankair,1
ALIANSA Colombia,1
Ghana Airlink,1
Provincial Airlines,1
Air Philippines,1
Manacá Táxi Aéreo,1
Paukn Air,1
Savannair,1
Fuerza Aérea Nicaragua,1
Ararat Avia,1
TanaMana Aviation,1
Uzu Air,1
Living Water Teaching Ministries Charter,1
Kelowna Flightcraft Air Charter,1
Avirex,1
Air Satellite,1
Military - German Air National Guard,1
Servicio Expresso Nacional,1
North Coast Aviation,1
Channel Express,1
Transafrik - United Nations Charter,1
Northern Executive Aviation,1
Price Aircraft Company,1
Zanex,1
Rusts Flying Service Inc.,1
Military - Japanese Air Self-Defence Force,1
Plane Sailing,1
TACV-Cabo Verde Airlines,1
Khors Aircompany,1
Lufthansa Cargo Airlines,1
Harbour Air Seaplanes Ltd.,1
Alliance Airlines,1
Aero Jet Express,1
Air Fiji,1
Proteus Air / Private,1
Permaviatrans,1
Uni Air,1
Military - Ejército del Aire,1
Blue Hawaiian Helicopters,1
Points North Air Services,1
Selva Taxi Aero,1
Swifair,1
Blue Water Aviation Services,1
Alada,1
Frontier Flying Service,1
Vincent Aviation,1
Air Taxi - Coastal Helicopters Inc.,1
Pacific Airways,1
Sky Cabs,1
Allied Air Freight,1
Malindi Air Services,1
Uralex,1
Airwave Transport,1
Indian Airlines/Alliance Airlines,1
Lumbini Airways,1
Speed Service Couriers,1
Military - Sri Lankan Air Force,1
Win Win Aviation,1
Military - Malaysian Air Force,1
LANC Colombia,1
Military - Peruvian Army Aviation,1
Air Luxor,1
Cargo Three Panama,1
Aviaimpex (Macedonia),1
Magistralnye Avialinii,1
Military - Hellenic Air Force,1
Hibiscus Air,1
Everest Air,1
Hornbill Airways,1
Military - Ecuadorean Air Force,1
Carga del Caribe,1
Fiji Air,1
Oeste Linhas Aereas,1
Palair Macedonian,1
Iran Air Tours  /  Military - Iranian Air Force,1
Arctic Wings & Rotors,1
Ryan International Airlines,1
Fuerza Area Angolaise,1
Duncan Aircraft Sales,1
Pan Malaysian Air Transport,1
Titan Airways,1
Lufthansa Cityline,1
Air Taxi - South Coast Helicopters Inc.,1
Libya Arab Airlines / Military -  Libya Air Force,1
Scibe Airlift Cargo Zaire,1
Aero Sudpacifico,1
Aerocaribbean - Charter,1
Express Airlines - Northwest Airlink,1
Air Senegal / Gambia Airways,1
Kiev Production Association,1
Military - U.S. Army / Military U.S. Army,1
Air Martinique,1
Air Taxi - Papillion Helicopters Ltd.,1
Air Mauritanie,1
Airbus Industrie,1
Military - Dostum-Galboddin Militia,1
Air Ivorie,1
Aerolineas Cuahonte,1
Transoriente Colombia,1
Arall,1
Lockheed AC-130H Hercules,1
Rico Taxi Aero,1
Rwanda Government,1
Kuban Airlines,1
KLM Cityhopper,1
USAir / Skywest Airlines,1
Air Taxi - El Aero Services Inc.,1
Aeroflot Russian International Airways,1
Aurukun Air Services,1
Chalk's International Airlines,1
Sahara,1
British World Airways,1
North Western Air Transport,1
Atlantic Coast Airlines (United Express),1
Baikal Air,1
Syktyvkar Avia,1
Miltiary - U.S. Airforce,1
Alas Chiricanas,1
Canair Cargo,1
Agape Flight Inc.,1
Frigorifico Santa Rita,1
Gambcrest,1
Classic Wings,1
Military - Força Aérea Brasileira,1
Tartarstan Airlines,1
STASA,1
Air Taxi - Airis Helicopters Inc.,1
Nordeste Linhas Aereas,1
Corporate Mobility Inc. - Private,1
EDELCA,1
Continental Express,1
Golden Star Air Cargo,1
Airtech Rajawaldi Udara,1
Carib Air Transport,1
Air Taxi - Bohemia Inc.,1
Temsco Airlines,1
Avalki Air,1
AKF Polet,1
Nationair (chartered by Nigeria Airways),1
L'Express Airlines,1
Aerochasqui,1
Helicol Colombia,1
Okada Air,1
Lina Congo,1
Kamchatavia,1
Military - Federal Nigerian Air Force,1
Aero Eslava,1
Avesca Colombia,1
Aero Ejecutivos,1
Air Taxi - Hawaii Helicopters Inc.,1
Military - U.S. Navy / Military -  U.S. Navy,1
Professional Aviation Services,1
NewCal Aviation,1
Military - Peruvian Air Force - TANS,1
Lone Star Airlines,1
Servicios Aereos Santa Ana,1
Air Tahiti,1
China General Aviation Corporation,1
Volga-Dnepr Airlines,1
Air Bissau,1
Air Taxi - Air Grand Canyon Inc.,1
Georgian Air,1
Military - Unified Yemen Air Force,1
Arctic Circle Air Service,1
Krasnoyarsk Airlines,1
COPA (Panama),1
Scenic Air Tours,1
Metro Cargo,1
Perris Valley Aviation,1
Military - Kenyan Air Force,1
Lauda Air,1
Sankuru Air Service,1
Air Taxi - Uyak Air Services Inc.,1
Cebu Pacific Air,1
Dutch Dakota Association,1
China Southern Airlines / Xiamen Airlines,1
Aircraft Charter Group Inc,1
United Express  / Private,1
Komi Avia,1
Saudi Arabian Airlines / Kazakhstan Airlines,1
Jetcom S.A.,1
Aviation Development Corporation,1
Transported Areos Profesionales - TAPSA,1
Tyumen Aviatrans,1
Million Air,1
Aeroperu,1
Vnokovo Airlines,1
Air Senegal,1
Spair Air Transport,1
Harbour Air,1
Air North,1
Northern Air Cargo,1
Aerolatino (Aerocaribe),1
Archana Airlines,1
China Flying Dragon Aviation (Feilong Airlines),1
Military - Australian Army Aviation,1
Hoseba,1
ValuJet,1
Aeroservicios Empresariales de Durango,1
Southcentral Air,1
Force Area Populaire de Angola,1
Federal Airlines,1
TMK Air Commuter,1
Military - Ariana Afghan Airlines,1
Aeroservice International,1
Parsa,1
Renan Airways,1
Military - Greek Air Force,1
SilkAir,1
Aerosweet Airlines (LVOV),1
STAP,1
Sowind Air,1
Scenic Airlines,1
Military - Luftwaffe / Military - USAF,1
Borneo Airways,1
Military - Israel Air Force /Military -  Israel Air Force,1
Fine Air,1
Goroka Air Services,1
Sempati Air,1
Military - Colombian Army,1
Elbee Airlines,1
Bazair,1
Military - Niger Air Force,1
Custom Air Service,1
Stavropol Airlines,1
ALADA,1
Transpolar,1
Buffalo Narrows Airways,1
Krasnoyarskie Avialinii,1
Sudania Air Cargo,1
SA Amazonica,1
Knight Air,1
American Jet,1
Bearskin Airlines / Air Sandy,1
Bangkok Airways,1
TAROM (Transporturile Aeriene Romane),1
Leadair - Charter,1
Abakan Airlines,1
Air Taxi - Wolfe Air Aviation Ltd.,1
Intercontinental de Aviacion,1
Phoenix Aviation,1
SL Aviation Services,1
Transportes Aereos Pegaso,1
Ansett New Zealand,1
Iran Asseman Airlines,1
Arsenyev Aviation Production Association,1
TAM Paraguay,1
Cheremshanka Airlines,1
Eitos,1
Heavylift Cargo Airlines,1
Northwest Airlines/ Northwest Airlines,1
Oriental Airlines,1
Aerocontroctors - Charter,1
Air Taxi - National Helicopters,1
Air Taxi - Talon Air Services Inc.,1
LACOL,1
Volga Air,1
Akhal Air,1
Azerbaijani Airlines,1
Compania de Aviacion Faucett SA (Peru),1
Aero Tropical,1
Hati Express,1
Military - Taliban Militia,1
"Alas Nacionales, leased from Birgen Air",1
Business Air Connection,1
Lineas Aereas del Caribe,1
African Air,1
Mustique Airways,1
Romanian Banat Air,1
Far East Aviation,1
Summit Air Charters,1
Harka Air Services,1
Kirghizia Aba Zaoldoru,1
Western Straits Air,1
Norilsk Flight Company,1
Adventure Airlines,1
North Star Air Cargo,1
Bourag Indonesia Airlines,1
Aero Air,1
Transniugini Airways,1
Military - Madagascar Air Force,1
Garamut Aviation,1
BAFIN,1
Charter - Central Air,1
Sundance Helicopters,1
Bombardier Aerospace,1
Filair,1
Majuba Aviation,1
Kogalmavia,1
Dagestan Airlines,1
Sun Way,1
NARZ,1
JS Air,1
Aerocaribbean,1
Military - Tajik National Guard,1
International Security Assistance Force,1
Conviasa Airline,1
Sky Dive New Zealand,1
United Parcel Service- UPS,1
Military - Venezuelan National Guard,1
Henan Airlines,1
Allied Air,1
Branch River Air Service,1
GCI Communications Corp.,1
Katekavia Airline,1
All West Freight,1
Airblue,1
Military - Romainian Air Force,1
Aéropro,1
Air India Express,1
Pamir Airlines,1
Blue Wings Airlines,1
Afriqiyah Airways,1
Interisland Airlines,1
Airborne Freight Company Union,1
Manx2,1
Central American Airways,1
Trans Air Cargo,1
Pawan Hans Helicopters Ltd.,1
Military -Fuerza Aerea Colombiana,1
Bhoja Airlines,1
UTAir,1
Military - Turkish Army (NATO),1
Jet One Express,1
TRACEP Congo Aviation,1
Sundance Helicopters Inc.,1
Fuerza Aerea Mexicana,1
Blue Hawaiian Helicopter,1
Northern Thunderbird Air Inc.,1
Airline PNG,1
Nusantara Buana Air,1
Buddha Air,1
Arctic Sunwest Charters,1
Private - Aero Trans Corp,1
Military - FANA Forca Aerea Nacional Angolana,1
YAK Service,1
Chilean Air Force,1
LifeNet,1
Avis Amur,1
Military - Royal Moroccan Air Force,1
NOAR Linhas Aéreas,1
Angara Airlines,1
Silk Way Airlines,1
RusAir Airlines,1
SOL Lineas Aereas,1
AmazonavesAir Taxi,1
Military - Yemeni Arm,1
Piquiatuba Taxi Aereo,1
Alaska Central Express,1
Empire Airlines leased from FedEx,1
Rotorcraft Leasing Co,1
Webstas Aviation Services Inc.,1
XL Airways leased from Air New Zealand,1
Falcon Aviation Group,1
Air Angles Inc.,1
Maryland State Police,1
Global Executive Aviation,1
Aerogulf,1
Air Tahoma,1
Conviasa,1
Itek Air,1
Spanair,1
Fly 540,1
Junction City Fire Department,1
East Coast Jets,1
Centurian Air Cargo,1
USA Jet Airlines,1
Ababeel Aviaition,1
Air Methods / Classic Helicopters,1
Military - Thai Army,1
PHI Air Medical,1
TACA International Airlines,1
Military - Servicio Aereo Nacional,1
Moskovia Airlines,1
Island Express Helicopter Service,1
Chelan Air Service,1
Naftogaz,1
Alantis Aviation,1
Petroleum Helicopters Inc,1
Seair Seaplanes,1
US Airways,1
Avient Aviation,1
Mountain Lifeflight,1
Rwandair,1
Russian Ministry of Interior,1
Divi Divi Air,1
Azzi,1
Victoria Air,1
Omniflight Helicopters Inc.,1
SA Airlink,1
Military - Kazakhstan border guard service,1
Aero Fret Business,1
Airlines  PNG,1
Liberty Helicopter Sightseeing Tours / Private,1
Bangkok Airlines,1
Aria Airlines,1
Vertical-T Air,1
Caspian Airlines,1
Yemenia Airway,1
Strait Air,1
Bako Air,1
Bond Offshore Helicopters,1
Eagle Cap Leasing,1
Cougar Helicopters,1
Turkish Airlines,1
Flight Service,1
Continental Connection/Colgan Air,1
Aerotaxi Manaus,1
Sukhoi,1
Dana Air,1
Kata Transportation,1
Russian Air Force,1
Naure Air,1
West Wind Aviation,1
Costal Aviation,1
Valan International Cargo Charter,1
Guicango,1
Air Force of the Democratic Republic of the Congo,1
USMC,1
Angel Flight,1
Summit Air,1
ETA Air Charter,1
Swan Aviation,1
Australian Corporate Jet Centres PTY. LTD,1
My Cargo Airlines (ACT Airlines),1
Indonesian Air Force,1
HeliCusco,1
Indonesian Police,1
LAMIA Bolivia,1
AE Aviation,1
Hageland Aviiation,1
Emirates,1
Heart of Texas Hot Air Balloon Rides,1
CHC Helikopter Service,1
Sunbird Aviation,1
Smoky Mountain Helicopters,1
Marquise Aviation Corp.,1
Flydubai,1
Military - Ecuador Army,1
True Aviation Ltd.,1
People's Liberation Army Air Force,1
Papillon,1
Saratov Airlines,1
Iran Aseman Airlines,1
Soloy Helicopters,1
South Sudan Supreme Airlines,1
Sriwijaya Air,1
South West Aviaiton,1
Air India Exppress,1
Pakistan International Airline,1
Lion Air Inc.,1
Pegasus Airlines,1
Ukraine International Airlines,1
Sudanese Air Force,1
Bek Air,1
Busy Bee Congo,1
Aeroflot Russian International Airlines,1
TVPX Aircraft Solutions,1
Archipelagos Service Aereos,1
Laser Aereo Colombia,1
Atlas Air serving Amazon,1
Saha Air,1
Fly Jamaica Airways,1
Air Niugini,1
Ju Air,1
Rovos Air,1
Fly SAX,1
Cubana (leased from Global Air),1
US-Bangla Airlines,1
Mc Aviation,1
Liberty Helicopters,1
Kasthamandap Airlines,1
Daallo Airlines,1
West Air Sweden,1
Heringer Taxi Aero,1
Bond Air Services Ltd.,1
Tararstan Airlilnes,1
Bearskin Airlines,1
Military - Indonesian Army,1
Lao Airlines,1
MASwings,1
Associated Aviation,1
United Parcel Service,1
Rediske Air,1
Ornge Air Ambulance,1
Ace Air Cargo,1
Compagnie Africaine d' Aviation (CAA),1
South Airlines,1
SCAT Air,1
Transaereo 5074,1
Med-Trans Corporaion,1
Red Wings Airlines,1
Air Bagan,1
Military - Kazakhstan Border Guards,1
Starwood Management LLC,1
Military - Yemen Air Force,1
Fly Montserrat,1
Sita Air,1
Petropavlovsk-Kamchatsky Air Enteprise,1
Alfa Airlines,1
Aviatour's Fly'n Inc.,1
Illegal flight,1
Mozambique Airline,1
IrAvia,1
Turuhan Avia,1
Scoala Superioara de Aviatie Civla,1
Alpine Adventures,1
Allied Services Limited,1
Metrojet,1
Avistar Mandari,1
Rainbow King Lodge,1
Komala Air,1
Military - Colombia Air Force,1
Promech Air,1
Germanwings,1
Transasia,1
Syrian Air Force,1
AirAsia,1
Air Sirin,1
Air Evac Lifeteam,1
Hevlift,1
Safari Express Cargo,1
Sepahan Airlines,1
TransAsia Airways,1
Military - Vietnam People's Army Air Force,1
Skyward International Aviation,1
Laos Air Force,1
Alisansa Colombia,1
Suomen Urheiluilmailijat,1
Lineas Aereas Comerciales,1
Helicopters Inc / KOMO TV,1
Libyan Air Cargo,1
Nepal Airlines,1
Military - Government of Equatorial Guinea,1
Avtex Air Services,1
Singapore Airlines,1
US Air Express/Air Midwest,1
Ukranian-Mediterranean Airlines,1
Ukrainian Cargo Airlines -  Congolese Army Charter,1
Morris Hancock Flying Club - Charter,1
PT Air Regional,1
Private - Kabanov - skydiving,1
Military - Islamic Revolution's Guards Corps,1
Air Taxi - Great Northern Aircraft Co.,1
Enimex,1
Volare Aviation Enterprise,1
Euro Asia Aviation,1
African Commuter Services,1
Aerocom,1
TANS Airlines,1
Ocean Airlines,1
Union des Transports Aeriens de Guinee,1
Aeromist-Kharkiv,1
Transasia Airways,1
Planemasters,1
Island Airways Ltd.,1
Laoag International Airlines,1
Richmor Aviation,1
Luxair,1
Military - Indian Navy,1
Deraps Aviation,1
Total  Air Lines,1
Rico Taxi Aéreo,1
Vostok Aviakompania,1
Shangri La Air,1
McKinley Air Service - Air Taxi,1
Eurojet Italila,1
Air Taxi - Marco Zero Air Taxi,1
Charter - Air Adventures New Zealand Ltd,1
Líneas Aéreas Suramericanas,1
Huron Air,1
Heliwork WA Pty Ltd. - Air Taxi,1
Aeroextra,1
CATA Linea Aerea,1
Transmandu,1
Air taxi - Rumo Notre Air Taxi,1
Les Ailes de Gaspé Inc.,1
Aerolift Philippines,1
Wasaya Airways,1
US Airways Express,1
Tropical Airways,1
Khalatyrka,1
Hageland Aviation Services Inc.,1
Servicios Aeronauticos Sucre (SASCA),1
Jet Pro,1
Jack Harter Helicopters,1
Ryan Blake Air Charter,1
Air Sunshine,1
Ruiban & Duran Compania Aérea,1
BHS - Brazilian Helicopter Services,1
Heringer Air Taxi,1
Comvac Aviation,1
Hallo Bay Air - Air Taxi,1
Brit Air,1
Paradise Tour Helicopters,1
Astro Air Taxi,1
Pulkovo Aviation Enterprise,1
Prestige Airlines (Cargo) Charter,1
Bashkirian Airlines / DHL Worldwide Express,1
Air Transat,1
Papillon Grand Canyon Helicopters of Las Vegas,1
Naske Air,1
Russ Air Transport Company,1
Private - Overtec Company,1
Private  - Daewoo Shipbuilding,1
Vladivostokavia,1
Manunggal Air,1
Faraz Qeshm Airlines,1
Private - Techint  group,1
SFC Vietnam - Charter - Full Account,1
Jetwingsco Inc. - Private Charter,1
Air Caraibes,1
Vnukovo Airlines,1
Military - Florida Army National Guard,1
Gum Air Charter,1
Northern Illinois Flight Center,1
E.A.S. Aeroservizi,1
Lineas Aereas Suramericanas,1
North Bay Charter,1
Rutaca Airlines,1
Majestic Air Cargo,1
Military - Tentara Nasional Indonesia Navy,1
Military - People's Liberation Army,1
Servicio Aereo Manchupo,1
Asa Pesada,1
Superior Aviation,1
Aca-Ancargo,1
Victoria Airlines,1
Binter Mediterráneo,1
Military - Angolan Armed Forces,1
Aero Ferinco Charter,1
Airquarius Aviation - Charter,1
Sky Executive Air Services,1
EAS Airlines (Executive Airline Services),1
SELVA Colombia,1
Air China,1
Tadair,1
Charter - Aerotaxi,1
Svedijos Prekés,1
Tiramavia,1
Military - Angolan  Air Force,1
Petroproducción,1
Procuraduría General de la República,1
Ibertrans Aérea,1
Agco Corp,1
BAL Bremerhaven Airline,1
Heliandes,1
Eagle Air,1
"Military - Russian, cargo",1
ELK Aviation Co. (leased from Eminex),1
Charter - IRS Aero,1
ERA Aviation - Air Taxi,1
Perimeter Airlines,1
PenAir,1
Flightline,1
Scandinavian Airlines (SAS) / Private,1
Air Saint Maurice Inc.,1
Atlantic Airlines,1
Pavair,1
Flash Air,1
Blue Wing Airlines,1
Military - Chadian Air Force,1
Inter-Island,1
Heli-USA Airways,1
Regional Compagnie Aerienne Europeenne,1
Moldovan Aeriantur-M Air Cargo,1
Adam Air,1
Air ambulance - Mercy Air Services,1
Military - Russian Air Force/Uzbekistan Airways,1
Atlantic Airways,1
Gol Airlines / Private,1
Military - Russian Army,1
Pulkovo Airlines,1
Sibir (S7),1
Mango Airlines,1
Air São Tomé,1
Military - Government of Macedonia,1
Saskatchewan Government Northern Air Operations,1
Armavia,1
U.S. Government (leased),1
Military - Lybian Arab Air Force,1
Military - Kenya Air Force,1
Team Air,1
TriCoastal Air,1
Military - Slovak Air Force,1
Evolga,1
Chalk's Ocean Airways,1
Sosoliso Airlines,1
Bellview Airlines,1
Wimbi Dira Airways,1
Bahia Taxi Aéreo	Bahia Taxi Aéreo	Bahia Taxi Aéreo,1
UTAir Airlines,1
Transaviaexport Airlines,1
Air Services,1
United Nations Mission,1
BHS - Brazilian Helicopter Service Air Taxi,1
Santa Barbara Airlines,1
Dirgantara Air Service,1
Military - Macedonian Air Force,1
Transaven,1
Castle Aviation,1
"Evergreen Alaska Helicopters, Inc.",1
Atlasjet Airlines,1
Nacional de Aviacion,1
Africa One Congo,1
One-Two-Go Airlines,1
Galaxy Kavatsi Airlines,1
Great Lakes Business Complany,1
Two Taxi Aero,1
China Airlines,1
SeaWind Aviation,1
Air Moorea,1
Atran,1
Taquan Air Service,1
Liard Air,1
PMT Air,1
Mongolian Defense Ministry,1
University of Michigan Health System,1
Paramount Airlilnes,1
Safe Air Complany,1
Military - Russian,1
Air Kasai,1
Kavatshi Airlines,1
TANS Peru,1
Venezolana,1
Med Flight Air Ambulance - Private,1
Corporate Airlines (American Connection),1
Pacific Air,1
Aerovanguardia,1
Pinnacle Airlines/Northwest Airlink,1
Sarit Airlines,1
Air Flamence,1
Military - Greek Army,1
Mavrik Aire Transport,1
Volga-Avia Express,1
Air Taroma,1
Airlines of PNG,1
BHS - Brazilian Helicopter Service  Air Taxi,1
Dodita Air Cargo,1
United Nations -  UTair Charter,1
Gabon Express,1
Blue Bird Aviation,1
Aray-Avia,1
AZAL Cargo Company,1
Rico Linhas Aereas,1
El Magal Aviation,1
Charter - Air Cush,1
Aerotransportes Petroleros,1
Procuradoria General de la Republica,1
Air Ambulance - Med-Trans Corp.,1
Azov Avia Airlines,1
Kish Airlines,1
Private - Hendrick Motorsports Inc.,1
Business Jet Services,1
Helios Airways,1
Presidental Airways Inc. - Air Taxi,1
Copterline,1
Tuninter,1
Ecuatair,1
Marsland Aviation,1
Charter - Maniema Union (owner Victoria Air),1
Military - Zambia Air Force,1
Transportes Aereos Don Carlos - Charter,1
Aero-Tropics,1
Kisangani Airlift,1
Airwork NZ,1
Military - Fuerza Del Peru,1
Military - Bulgarian,1
GT Air,1
Regional Airlines,1
Air Global,1
Indonesian National Police,1
Circuit City Stores - Charter,1
Air West,1
Kam Air,1
Farnair Hungary,1
Military - U.S. Marines,1
Military - Colombian government,1
Tura Air Enterprise,1
NHR Táxi-Aéreo,1
Airline Transport,1
Guardia Nacional de Venezuela,1
Glow Air/Air Castle - Charter,1
Ptarmigan Airways,1
Private - Parajump air show,1
Military - Luftwaffe,1
Trans World Airlines / Castleton Inc.,1
Air Laos,1
TAA,1
Soc. de Tr. Aériens d'Extrême Orient,1
Transportes Aereos Nacionales,1
Darbhanga Aviation,1
Societe Indochinoise de Raviteillement,1
Trans Canada Air Lines / RCAF,1
"South African Airways, leased from British Overseas Airways",1
Czech Airlines,1
Misair,1
British Commonwealth Pacific Airlines,1
Compagnie Sila,1
Resort Airlines,1
LAN Chile,1
LACSA,1
Meteor Air,1
Airways,1
Caribbean International Airways,1
Transportes Aéreos Salvador,1
u.s. Air Force,1
UTA,1
Air Outremer,1
Lancashire Aircraft Corporation (Skyways),1
Associated Air Transport,1
Syrian Air,1
Johnson Flying Service,1
Ontario Hydro,1
Avicsa,1
Interamericana de Aviacion,1
Lebanese International Airways,1
èkoda (India) Ltd,1
Kenting Air,1
Adastra Airways,1
U.S. Overseas Airways,1
Japanese Air Force,1
Douglas Aircraft,1
AIDA,1
Empresa Aviacion del Pacifico,1
Aerovias Guest,1
Britavia,1
Jordan International Airlines,1
Piedmont,1
National Air Operators,1
Starways,1
Transport Aerien Intercontinentaux (France),1
Spartan Air Services,1
Cruzeiro Do Sud,1
Peninsular,1
Societe France Hydro,1
Currey Air Transport,1
Lineas Areas Unidas,1
Union Aéromaritime de Transport,1
de Havilland Dove,1
West African Airways,1
Rutas Aéreas Nacionales SA,1
TABSO,1
Aero Brasil,1
Private - de Havilland Aircraft,1
Curtiss-Reid Flying Services Ltd. (Canada),1
Svenska Aero,1
Robinson Airlines,1
"SAVG (S.A. Viacao Gaucha, )SAVG",1
Cie Air Transport,1
Westair Transport,1
SEMAF,1
Devlet Hava Yollairi,1
Fairflight Ltd.,1
Societe Indochinoise de Transport Aeriens,1
Societe Transatlantique Aerienne,1
Ejercito del Aire,1
Bharat Airways,1
Pakair,1
Arrow Airlines,1
Aero Holland,1
Royal Indian Air Force,1
Harrington's Inc,1
Eastern Air Lines / Military - Bolivian Air Force,1
Shell Co of Ecuador,1
Lineas Aéreas Brasil,1
Eastern Air Lines / Military - USN,1
Air Transport Associates,1
Standard Airlines,1
Mac Roberston-Miller Airlines,1
T.A. Intercontinentaux,1
Air Carriers,1
Military - TAM,1
Continental Charters,1
Phoenix Airlines,1
Airwork,1
Transportes Areos Nacionales,1
Military - Navy,1
Morton Air Services,1
Swedish Air Force,1
Fred Olsen Flyveselskap,1
North Continental Airlines (Robin Airlines),1
US Airlines,1
Société Aérienne de Tr. Tropicaux,1
STAAP,1
Lineas Aereas Unidas,1
Mid Continent Airlines,1
Military - U. S. Air Force,1
Military - Guatemalan Air Force,1
Aero Transportes,1
Frigorifico Cooperativo Los Andes,1
Societe Alpes Provence,1
Air Outre-Mer,1
Lineas Aéreas Trans. Brasileira,1
Cubana de Aviacion / Military -  US Navy,1
Siamese Airways,1
Southwest Airways,1
Pacific Overseas Airways,1
Transportes Aereos Mexicanos,1
Herfurtner Company,1
TAROM,1
Derby Aviation,1
Fujita Koku Kabushki Kai,1
American Air  Export & Import Co.,1
Danish Air Force,1
Sadai,1
Military - Japan Air Self Defense Force,1
Saudi Arabian Royal Flight,1
Trans Aircraft (Western) Ltd.,1
Middle East Airlines / Military - Turkish Air ForceC-47,1
Skyvan Airways,1
Wien,1
Carvair ATL-98,1
VASP / Private,1
Czechoslovak Airlinex,1
Private - Ashland Oil Company,1
Panair do Brazil,1
East Provincial Airways,1
Channel Airways,1
AVISPA,1
Military - Colombian Air Force,1
Societa Aerea Mediterranea,1
Caledonian Airways,1
Corporacion Boliviano de Fomento,1
Military - Força Aérea Portuguesa,1
Rhodesian Air Services,1
Bay of Plenty Airways,1
Military - U.S. Air Force / Military -  U.S. Air Force,1
Aeronaves de Panama,1
British Aircraft Corporation,1
Servicios Aéreos Cochabamba,1
Fairways (Filipinas Orient Airways),1
Aerolineas El Salvador,1
Aerovias del Norte,1
Aeroflot / Kazakhstan,1
Lineas Aéreas Sud Americana,1
Fleming Airways System Transport,1
Air Congo (BIAS)?,1
Linjeflyg,1
Bonanza Airlines,1
Mustang Aviati,1
Interocean,1
TASSA,1
Aerolineas Litoral Argentina,1
Military - US Air Navy,1
Military  - US Air Force,1
Wein Alaska Airlines Inc.,1
Private - Facilities Management Co.,1
Commercial Air Taxi,1
Slick Airways - Cargo,1
Taxi Aereo de Santander,1
Snow Valley Ski Lines,1
Paradise Airlines,1
Fuji Airlines,1
South Central Airlines,1
Air Haiti International,1
Transair Sweden,1
Bristol Aeroplane Co.,1
President Airlines,1
Tranair,1
Militiary - US Air Force,1
Aerolineas Nacionales,1
Lineas Aéreas Interpolar,1
Transportes Aereos Peruanos,1
Austria-Flugdienst,1
Southern Cross Airways,1
Dwyer Flying Service - Private Charter,1
Air Jordan,1
Linea Expresa Bolivar,1
California Air Freight,1
Southeast Airlines,1
ARTOP Aerotopografica LDA,1
Military - TAM (Bolivia),1
Independent Air Travel,1
Dan-Air Services,1
Capital Airlines / Military - Air National Guard,1
United Air Lines / Military - U.S. Air Force,1
Transportes Aereos Orientales,1
Military - U.S. Air Force/Military - U.S. Air Force,1
Réseau Aérien Interinsulaire,1
Military - U.S.  Air Force / Military - U.S. Navy,1
Northern Wings,1
Straits Air Freight Express,1
Aquilla Airways,1
PAS,1
Transair,1
Reeve Aleutian Airlines,1
Flyve Tjenesten,1
Lineas Aéreas Costarricenses,1
REAL Transportes Aereos,1
Cunard Eagle Airways,1
Transcontinental,1
Continentale Deutsche Luftreederei,1
Air Cameroon,1
Arctic Pacific,1
Austrian Airlines,1
Don Everall Aviation,1
Deutsche Flugdienst,1
Chicago Helicopter Airways,1
Military - U.S. Misson,1
T.A. Intercontinentaux (France),1
Gulf Aviation (Kalinga Airways),1
Pacific Northern Airlines,1
Transamerican Air Transport,1
Balair,1
Sobelair SA (Belgium),1
Lloyd Aereo Colombiano,1
SAMSA,1
REAL / Military - U.S. Navy,1
Transportes Aéreos de Timor,1
California Aircraft,1
Kappel-Van Eyck Airways,1
Strato Freight,1
Tech - Aeronautical Explotiation,1
Bristop Aeroplane Company,1
Rubner Flying Service,1
Servicio Aereo Columbiano / SCADTA,1
Wyoming Air Service,1
Knowles Flying Service of Detroit,1
Gor'ky Eskadril'ya,1
Holdens Air Transport Service,1
Hillman's Airways,1
United Air Services,1
Aerevias Centrales Air Service,1
Pan American Airways (Scadta),1
Kalinin,1
Societa Anonima Aero Expresso Italiana,1
Palwaukee,1
Aeropostale - La Tecoere Company,1
Eurasia,1
Varney Airlines,1
Hunter Airways,1
Lloyd Aero Boliviano,1
New England Airways,1
Century Air Lines,1
Transamerican Airlines,1
Bimini Airways,1
Century Pacific Lines,1
Northwest Airways,1
"NY, Phil., Washington AW",1
Chicago-Detroit Airways,1
Wedell-Williams Air Service Corporation,1
Fuerza Aerea Colombiana,1
Aero Mayflower Transit Co,1
Fuerzs Aerea De Chile,1
Magyar Legiforagalmi,1
Wilson Airways,1
Ginger Coote Airways,1
Cruzeiro do Sul,1
United Airways of New Zealand,1
Lineas Aéreas Mineras,1
TsAGI,1
LOT,1
Lot Polish Airlines,1
Private - Purdue Reasearch Foundation,1
ENTA,1
Deutsche Zeppelin Reederei,1
Panama Airways,1
North Sea Aerial and General Transport,1
Blue Bird Air Service,1
Pittsburgh Skyways Inc.,1
Chicago Southern Airlines,1
Guernsey Airways,1
Den Norske Luftfartskole,1
Lan Chile,1
Military - Fuerza Aerea Colombiana,1
Air Bleu,1
Chamberlin Flying Service,1
Holyman Airways,1
Australian Aerial Services,1
Guiena Airways,1
CSA Czech Airlines,1
Dominion Air Lines,1
Reynolds Airways,1
Fokker,1
Compagnie Internationale de Navigation Aérienne,1
Deutche Lufthansa,1
Zakavia,1
Military - French Navy,1
CCCP,1
Daimler Airways,1
Campagnie France Roumaine,1
Grands Express Aeriens (Air Union),1
Amee de l'Air,1
de Havilland Air Service,1
Compagnie Franco-Roumaine de Navigaation Aerienne,1
Cie des Messageries Aeriennes,1
Daimler Airways / Grands Express Aeriens,1
Aero Limited,1
Military - U.S. Army Air Service,1
West Australian Airways,1
Franco-Roumaine,1
Military - Royal Airship Works,1
By Air,1
Compañia Colombiana de Navegación Aérea,1
Aircraft Travel Transport,1
Caproni Company,1
Wingfoot Air Express Goodyear Tire,1
Ford Air Freight Inc.,1
British Columbia Airways,1
National Parks Airways,1
Bremerton-Seattle Air Taxi / Gorst Air Lines,1
Embry Riddle Company,1
Alaska-Washington Airways,1
Wings Ltd,1
Military - British Air Ministry,1
Walcot Air Line,1
Cross Airways,1
Canadian Colonial Airways,1
Central  Airlines (Universal Aviation Corporation),1
Maddux Airlines,1
S.A.M. Società Aerea Mediterranea,1
Corp. Aeronautica de Transportes,1
Pickwick Airways,1
Sunbeam Air Transport Co.,1
Associated Aviators,1
Ukvozduchput,1
Middle States Airlines,1
Bodensee Aerolloyd,1
MALERT,1
Maddux Airlines / Military - U.S.Army Air Force,1
New Standard Airlines,1
Skyline Transportation Company,1
Aeroespresso,1
Interstate Airlines,1
Spokane Airways,1
Dai Nippon,1
Macchi,1
TAM (Peru),1
CTA Languedoc Roussillon,1
Transport Comp. Algerienne de T.A.,1
Coastal Air Lines,1
Servicio Aéreo Panini,1
Columbia Air Cargo,1
TARS,1
Trafik-Turist-Transportflyg,1
Société Auxiliare de Navigation Aérienne,1
Philippine Air Express,1
Stratofreight,1
Societe Aerienne du Littoral,1
Transporturile Aeriene Romano-Sovietice,1
Aero Cargo,1
Burke Air Transport,1
Flugefelag,1
VIARCO,1
Military - Corrieri Aerei Militari,1
Aerovias Cuba International,1
International Air Freight,1
Spencer Airways / Ceskoslovenske Aerolinie,1
Nationwide Air Transport,1
Kansas City Southern Skyways,1
CATA,1
FAMA (Argentina),1
Winged Cargo Inc.,1
Lineas Aéreas Costarricenses  LACSA,1
Dominicana,1
Airline Transport Carriers,1
Det Danske Luftfartselskab,1
Aerflot,1
British European Airways / Military - British,1
Saint Lawrence Airways,1
Dalmia Jain Airways,1
Viacao Aerea Gaucha S.A.,1
Coastal Cargo,1
Seattle Air Charter,1
Airborne Transport,1
Avio Linee ItalianeAvio Linee Italiane,1
Pakistan Airways,1
Mannin Airways,1
Pacific Alaska Air Freight,1
Onzeair,1
Società Aerea Teseo,1
ALFA,1
Rimouski Airlines,1
Cathy Pacific,1
Hargreaves Airways,1
Alpha Airways,1
Mercury Aviation,1
New Guinea Air Traders,1
British European Airways / Military - Soviet Air Force,1
Société de Transports Aériens,1
Bruning Aviation,1
Commercial Airways,1
Empressa Commun. Aéreas de Veracruz,1
Socotra,1
Japan Air / Japan Flying School,1
National Air Transport Services,1
DETA,1
Military - U.S. Army Air Forces / Military - U.S. Army Air Forces,1
Private - Boeing Aircraft Company,1
DDL,1
Kranoyarskie Vozhjushnye Trassy,1
American Airlines / Military - USAF,1
American Export Airlines,1
Panair do Brasil SA,1
Guinea Airways Limited,1
Military - U.S. Army Air Force,1
Manchurian Air Lines,1
Great Western and Southern Air Lines,1
Malert Airlines,1
Ala Littolia,1
Lloyd Aero Boliviano SA,1
Douglas Aircraft Company,1
Scarta,1
Indian National Airways,1
British American Air Services,1
KLM Royal Duch Airlines,1
Military - Ecuadorian Air Force,1
Marine Airways,1
Japan Aviation Corporation,1
North Queensland Airways,1
Transcontinental &Western Air,1
Military - Royal Netherlands East Indies Air Force,1
U. S. Air Force,1
CATC,1
DNL Norwegian Air Lines,1
Air Ocean,1
Military - Royal Netherlands Naval Air Service,1
American Overseas Airlines,1
Railway Air Service Ltd.,1
Mt. McKinley Airfreight,1
Trans-Luxury Airlines,1
Trans Luxury Airlines,1
Atlantic Central Airlines,1
Communicaciones Aereos de veracruz,1
Military -  (2) U.S. Army Air Forces,1
ANDESA,1
Viking Air Transport,1
Trans-Canada Air Lines,1
Military U.S. Navy / Military - U.S. Navy,1
Railway Air Services Ltd.,1
British Overseas Airways /Qantas,1
Mililtary - Royal Canadian Air Force,1
Polyarnya Aviatsiya,1
National Skyway Freight Co.,1
Lineas Aereas Mineras,1
Eastern Air Lines / Military - U.S. Army Air Corps,1
Mac Robertson Miller Airlines,1
Page Airways,1
Navegacao Aerea Brasileira,1
Miami Aviaition/Air Manila,1
British United Airways,1
Mattagami Skyways,1
Air Taxi - Tundra Copters,1
Military - Salvadoran Air Force,1
Britt Airways,1
North East Bolivian Airways,1
Skycraft Air Transport,1
Inuvik Coastal Airways,1
TAMPA Colombia,1
Iberia Airlines / Aviaco,1
Pennsylvania Airlines,1
Air Illinois,1
British Airways Helicopters,1
CAAK,1
Reeve Aleutian Airways,1
SAN Ecuador,1
Japan Air Self-Defence Force,1
Air Liberia,1
Munz Northern Airlines,1
Central Airlines,1
Aeroleo Taxi Aereo,1
46826/109,1
Aeronor Chile,1
Pioneer Airlines,1
Cia Brasiliera de Tratores,1
Aerolineas Condor,1
Western Helicopter,1
Air Affaires Gabon,1
Frigorifico Reyes,1
State Airlines,1
VOTEC / VOTEC,1
Mililtary - Soviet Air Force,1
Fuerza Aérea Colombiana,1
General Aviation Inc.,1
Aeroflot / Soviet Air Force,1
Carga Aereo Transportada,1
YPF,1
North Pacific Airlines,1
Galaxy Airlines,1
Air Taxi - EMS,1
TPI International Airways,1
Military - Fuerza Aérea del Peru,1
Village Airways,1
Labradore Airways,1
Zantop International Airlines,1
Nahanni Air Services,1
AECA Cargo,1
APRL,1
MMM Aero Services,1
Wings West Airlines / Private,1
Airfast Indonesia,1
Aviation Enterprises,1
Bangladesh Biman,1
South Pacific Island Airways,1
Air Taxi - Raco Helicopters Corp.,1
Air Continental,1
Okanagan Helicopters,1
LAC Columbia,1
British Airtours,1
Trans Air Services,1
Air Wisconsin,1
Lineas Aereas de Angola,1
Eagle Commuter,1
Advance Airlines,1
Rotor Airs Inc - Air Taxi,1
Ambler Air Service,1
Haïti Air Inter,1
CAMBA,1
Aerolineas La Gaviola,1
West Coast Air,1
Butler Aviation Inc.,1
Soldotna Air Services,1
Fiji Air Services,1
Air New England,1
Sea Airmotive,1
Catalina Airlines,1
Swift Aire Lines Inc.,1
Universal Airways,1
Air Rouergue,1
Air 70,1
Rocky Mountain Airways,1
Tyee Airlines,1
Nile Delta Air Services,1
Era Helicopter - Air Taxi,1
Military - Finish Air Force,1
Aeronaves del Peru,1
Military - Kuwait Air Force,1
Florida Commuter Airlines,1
Lineas Aereas,1
Air Florida,1
Inex Adria Aviopromet (Yugoslavia),1
Guyana Airways,1
Aerolineas Argo,1
Oefag Flugdienst,1
NLM (Nederlandse Luchtvaart Maatschappij),1
Sky Train Air,1
Aeroflot /Military - Russian,1
Aeroflot / Military - Russian Air Force,1
Transamazonica,1
TAR,1
Private - Airfast Indonesia,1
Military - Force Aérienne Zaïroise,1
Air US / Private,1
Freedom International,1
Urcupina,1
Helicopter - Air Taxi,1
Private - Corporate,1
Military - Soviet Navy,1
Cascade Airways,1
Transportes Aereos del Caribe,1
Tanzania Aviation,1
Central Air Services,1
F.R. de la Direccion General de Ados,1
Alyemda Airlines,1
Bar Harbor Airlines,1
Philippine Air Force,1
Aloha Airlines,1
Surinam Airways,1
Aero Asahi,1
Holmstoem Air,1
Aero Cozumel,1
Europe Aero Service EAS,1
Evergreen International Airlines,1
Mid Pacific Air,1
Air Ontario,1
Aero Condor,1
Transfair,1
Independent Air Inc.,1
RAM,1
GAS Air,1
Military - Russian Air Force / Military - Russian Air Force,1
T & G Aviation,1
Aero Club Libya,1
Wasa Wings,1
Aero Peru,1
Uganda Airlines,1
Shanxi Airlines,1
Aramar,1
Hang Khong (Vietnam),1
Transporte Aereo Federal,1
Angola Air Charter,1
Lineas Aéreas Suramericanas,1
Calair,1
Air Taxi - Centre Airlines Inc.,1
Olympic Aviation,1
Tepper Aviation,1
Aerial Transit Company,1
Frontier Air,1
MATS - Manila Aero Transport System,1
TAN Honduras,1
Helicsa,1
Helicopteros Nacionales de Colombia,1
SANSA,1
Air Fiordland,1
United Express,1
New England Airlines,1
Lineas Aéreas Cave,1
Military - People's Army/ Military - Peoples Air Force,1
RRC Air Service,1
Military - Royal Lesotho Defence Force,1
Weasua Air Ttansport,1
Aloha Island Air,1
TAUSA,1
Air Taxi - Paramount Aviation Corp.,1
Winchester Air,1
Skylink Airlines,1
Boeing KC-135E,1
Wehite Cap Aviation,1
Partnair,1
Aspring Air,1
Starair,1
Military - Cuban Air Force,1
Midwest Express,1
Kuwait Airways,1
British International Helicopters,1
Private - WNBC,1
Government of Mozambique,1
Southern Air Transport,1
Eastindo,1
Aeromexico / Private,1
Southwest Airlift,1
Leeward Islands Air Transport,1
Military - Zimbabwe Air Force,1
Grand Canyon Airlines / Helitech,1
Military - Armée de l'Air Malgache,1
Air Lanka,1
Military - El Salvador Air Force,1
Ministerstvo Obshchestvo Mashinostroyeniya,1
Goose Bay Air Services,1
Simmons Airlines,1
GLM Aviation,1
Aerocalifornia,1
Air Taxi,1
Aerovias de Guatemala SA,1
Arrow Airways,1
Mountain Air Cargo,1
Sabeni,1
Pel Air,1
Air Carriers Express Services Inc,1
Iraqi Airways,1
Sunflower Airlines,1
Military - Spanish Air Force.,1
Peruvian Naval Aviation,1
Arax Airlines,1
Transport Arien Transregional,1
Commercial Airways (Comair),1
Talia Airways,1
AV Air / American Eagle,1
NFD - Nurnberger Flugdienst,1
Military - Fuerza Aérea Panamena,1
Trans Colorado AL / Continental Express,1
ETA - Empresa Transportes Aéreos,1
Condor Flugdienst,1
Air Taxi - Petroleum Helicopters Inc.,1
Cooper Skybird Air Charters,1
Skywest Airlines / Private.,1
Ryan Air Services,1
Air Malawi,1
Aeroejecutivos Colombia,1
Northwest Airlines,1
Belize Air International Ltd.,1
YPFB Transportes Aereos,1
Sasco Air Lines,1
Air-Lift Commuter,1
Burlington Air Express,1
California Air National Guard,1
Northwest Airlink,1
Pacific Southwest Airlines / Private,1
Alaska Travel,1
Virgin Islands Airways,1
Venezolana Internacional de Aviacion,1
Reeder Flying Service,1
Military - LADE,1
Lehigh Acres Development Inc.,1
Aeroservicios,1
Executive Jet Sales Inc.,1
Antillean Airlines,1
Paraense Transportes Aereos,1
Bavaria Flug,1
Air Congo,1
Compania Dominicana de Aviacion,1
TAG Airlines,1
Charter -Federal Electricity Commission,1
Military - Royal Hellenic Air Force,1
Laos Air,1
Nordchurchaid,1
Allegheny Airlines / Forth Corporation,1
Military - Royal Lao Air Force,1
Canairelief Air,1
Trans Isle Air,1
Air South,1
Compania Mexicana de Aviacion,1
Flying W Airways,1
Ghana Airways,1
Wigmo,1
Islands of the Bahamas Inc,1
Dutch Continental Airways,1
Trans International Airlines,1
"Charter, Golden Eagle Aviation Inc.",1
Shelter Cove Sea Park,1
TAC Colombia,1
Royal Air Laos/PENAS,1
Miliitary - SATENA,1
Lineas Aéreas la Urraca,1
SAESA,1
Monmouth Airways,1
Scenic Air Lines,1
Pan International,1
All Nippon Airways /  Japanese Air Force,1
Air Ivoire,1
Toa Domestic Airline (Japan),1
Hughes Airwest  / Military - US Marine Air Corps,1
National Airways,1
Aerolineas Flecha Austral - ALFA,1
Aviogenex (Yugoslavia),1
New England Aviaiton,1
TAM (Transportes Aereos Militares),1
L'Armée de L'Air,1
American Airlines / Private,1
Rousseau Aviation,1
Trans Caribbean Airways,1
Cargolux,1
Capitol Airlines,1
Aerocosta Colombia,1
Avion Airways,1
Continental Air Transport,1
Aerotechnia,1
Mineral County Airlines,1
Greylock Airways / Private,1
Globe Air,1
Caribbean Airlines,1
Aeralpi,1
Compagnie Air Transport,1
Lake Central Airlines,1
Syrian Arab Airlines,1
Aerocondor de Colombia,1
Transportno Aviatsionno Bulgaro-Soviet Obshchestvo,1
Alaska Coastal Airlines,1
Aerovias Halcon,1
Private - Mainline Aviation,1
Alamo Airways,1
Norair,1
American Flyers Airline,1
Servicios Americanos,1
Belgian International Air Services,1
COHATA,1
Garuda  Indonesia Airlines / Garuda Indonesia Airlines,1
Trans World Airlines / Eastern Air Lines,1
Edde Airlines,1
Paul Kelly Flying Service Inc.,1
International Control Commision,1
Filipinas Orient Airways,1
Rutas Internacionales Peruanes,1
Nordair,1
Air Ferry Ltd,1
Aer Turas,1
Westwing,1
ERA Helicopter,1
MacRobertson Miller Airlines,1
Servicios Aéreos Especiales,1
North Central Airlines,1
Exportada De Sal S.A.,1
Interior Airways,1
Cable Commuter,1
Aerovias del Valle,1
Pan African Airlines,1
Far Aviation - Air Taxi / Speeds Flying - Air Taxi,1
Bulair TABSO,1
North Central Airlines / Private,1
Thai International,1
BKS Air Transport,1
Purdue Airlines Inc.,1
Rinaldo Piaggio,1
Aerovias Rojas,1
Ladeco,1
Ozark Air Lines / Private,1
Air Comores,1
Lao Cathay Airlines,1
Sadia,1
Taiwan Aviation,1
Vehu Akat,1
Helaire Helicopter,1
General Air,1
Lineas Areas del Centro,1
Hamilton Aviation,1
Military - Israel Air Force,1
El Venado,1
Pan American World Airways / KLM,1
Overseas National Airways,1
Survair,1
North Canada Air,1
Skyline Sweden,1
Northern Thunderbird Air Ltd.,1
Jet Avia Charter,1
Atlantic City Airlines,1
Inair Panama,1
Emirates Air Transport,1
Inex Adria Aviopromet / British Airways,1
Temsco Helicopter - Air Taxi,1
Military - Burma Air Force,1
Yacimientos Petroliferos Fiscales,1
Kodiak Western Alaska Airlines,1
Mercer Airlines,1
Frigorifico Maniqui,1
Winship Air,1
Star Aviation,1
Military - Israel  Air Force,1
Inex Adria Aviopromet,1
Connair,1
Wien Air Alaska,1
IAS Cargo,1
New  York Helicopter,1
Fuerza Aérea Uruguaya,1
SADELCA,1
Temesco Helicopter - Air Taxi,1
AirWest Airlines,1
Air Guinee,1
Aeropeca,1
Helikopter Service,1
Gander Aviation,1
Lake Havasu Air,1
LAV - Linea Aeropostal Venezolana,1
Security Air,1
Columbia Pacific Airlines,1
Uruguayan Air Force,1
Servicios Aereos Nacionales,1
Fleming International Airways,1
Valley Air Service,1
"National Jet Services Inc.,  (Air Indiana)",1
TAP (Air Portugal),1
Servicios Aereos Martinez Leon,1
L & J Company,1
Safe Air Cargo,1
Alaska Aeronautical Industries,1
Servicios Aereos Nacionales Airways,1
Transmeridian Air Cargo,1
Monarch Aviation,1
Private KNBC Los Angeles,1
Aerovias Condor,1
Aerocondor,1
Amazonese Importacao e Exportacao,1
Pacific Alaska Airlines,1
Texas International Airlines,1
Aerocondor Colombia,1
Aviaco Condor,1
Air Hawaii,1
Ozark Air Lines,1
Air Gaspé,1
Military - U.S. Navy / NASA,1
Invicta International Airlines (UK),1
Lineas Aereas de Espana/Spantax SA Transportes,1
Libya Arab Airlines,1
Aerovias Urraca,1
Petrolium Helo Inc.,1
American Express Leasing,1
Delta Air Lines/ North Central Airlines,1
Metro Air Systems,1
Air Melanesie,1
Uruguayan Air Force - TAMU,1
Servicios Aereas Virgen de Copacabana,1
Ansett Airlines of Papua New Guinea,1
Lineas Areas Venezolanas,1
AVIANCA / AVIANCA,1
Charter,1
Military - Royal Norwegian Air Force,1
North Central Airlines / Air Wisconsin,1
Petrolium Helicopter,1
Aeronorte,1
Executive Funds,1
Air East,1
Air  Mali,1
Military - Deutsche Luftwaffe,1
Horizon Properties,1
Linea Aérea Nacional,1
Golden West Airlines / Private,1
Edwin Ortiz,1
Aerovias Venezolanas SA (Venezuela),1
Alpa Servicios Aéreos,1
Orient Air System and Integrated Services,1
Hlavka Aviation - Air Taxi,1
Alaska International Air,1
Mabuhay Airways,1
Laurentian Air Services,1
Servicios Aéreos Boliviano,1
Air Amercia,1
Alaska Helicopter - Air Taxi,1
Lambair,1
Fragtflug,1
Aero Taxis Equatorianos,1
Houston Metro Airlines,1
Wenela Air Services,1
Sierra Pacific Airlines,1
Pathet Lao Airlines,1
Military - West German Air Force,1
Cessnyca,1
Kamchatka Aviation Enterprise,1
